Subject,Predicate,Object
Акивили,в_плохих_отношениях_с,Аха
Аха,в_плохих_отношениях_с,Акивили
Лань,в_плохих_отношениях_с,Яоши
Авантюрин,в_плохих_отношениях_с,Воскресенье
Ахерон,в_плохих_отношениях_с,Бутхилл
Блэйд,в_плохих_отношениях_с,Дань Хэн
Блэйд,в_плохих_отношениях_с,Цзин Юань
Блэйд,в_плохих_отношениях_с,Цзинлю
Бутхилл,в_плохих_отношениях_с,Ахерон
Вельт,в_плохих_отношениях_с,Кафка
Воскресенье,в_плохих_отношениях_с,Авантюрин
Воскресенье,в_плохих_отношениях_с,Галлахер
Галлахер,в_плохих_отношениях_с,Воскресенье
Гепард,в_плохих_отношениях_с,Сампо
Дань Хэн,в_плохих_отношениях_с,Блэйд
Искорка,в_плохих_отношениях_с,Март 7
Искорка,в_плохих_отношениях_с,Светлячок
Искорка,в_плохих_отношениях_с,Химеко
Искорка,в_плохих_отношениях_с,Первопроходец
Кафка,в_плохих_отношениях_с,Вельт
Кафка,в_плохих_отношениях_с,Химеко
Линша,в_плохих_отношениях_с,Цзин Юань
Лоча,в_плохих_отношениях_с,Цзин Юань
Март 7,в_плохих_отношениях_с,Искорка
Сампо,в_плохих_отношениях_с,Гепард
Светлячок,в_плохих_отношениях_с,Искорка
Химеко,в_плохих_отношениях_с,Искорка
Химеко,в_плохих_отношениях_с,Кафка
Цзин Юань,в_плохих_отношениях_с,Блэйд
Цзин Юань,в_плохих_отношениях_с,Линша
Цзин Юань,в_плохих_отношениях_с,Лоча
Цзинлю,в_плохих_отношениях_с,Блэйд
Яоши,в_плохих_отношениях_с,Лань
Первопроходец,в_плохих_отношениях_с,Искорка
Акивили,в_плохих_отношениях_с,Аха
Аха,в_плохих_отношениях_с,Акивили
Лань,в_плохих_отношениях_с,Яоши
Авантюрин,в_плохих_отношениях_с,Воскресенье
Ахерон,в_плохих_отношениях_с,Бутхилл
Блэйд,в_плохих_отношениях_с,Дань Хэн
Блэйд,в_плохих_отношениях_с,Цзин Юань
Блэйд,в_плохих_отношениях_с,Цзинлю
Бутхилл,в_плохих_отношениях_с,Ахерон
Вельт,в_плохих_отношениях_с,Кафка
Воскресенье,в_плохих_отношениях_с,Авантюрин
Воскресенье,в_плохих_отношениях_с,Галлахер
Галлахер,в_плохих_отношениях_с,Воскресенье
Гепард,в_плохих_отношениях_с,Сампо
Дань Хэн,в_плохих_отношениях_с,Блэйд
Искорка,в_плохих_отношениях_с,Март 7
Искорка,в_плохих_отношениях_с,Светлячок
Искорка,в_плохих_отношениях_с,Химеко
Искорка,в_плохих_отношениях_с,Первопроходец
Кафка,в_плохих_отношениях_с,Вельт
Кафка,в_плохих_отношениях_с,Химеко
Линша,в_плохих_отношениях_с,Цзин Юань
Лоча,в_плохих_отношениях_с,Цзин Юань
Март 7,в_плохих_отношениях_с,Искорка
Сампо,в_плохих_отношениях_с,Гепард
Светлячок,в_плохих_отношениях_с,Искорка
Химеко,в_плохих_отношениях_с,Искорка
Химеко,в_плохих_отношениях_с,Кафка
Цзин Юань,в_плохих_отношениях_с,Блэйд
Цзин Юань,в_плохих_отношениях_с,Линша
Цзин Юань,в_плохих_отношениях_с,Лоча
Цзинлю,в_плохих_отношениях_с,Блэйд
Яоши,в_плохих_отношениях_с,Лань
Первопроходец,в_плохих_отношениях_с,Искорка
Акивили,в_плохих_отношениях_с,Аха
Аха,в_плохих_отношениях_с,Акивили
Лань,в_плохих_отношениях_с,Яоши
Яоши,в_плохих_отношениях_с,Лань
Авантюрин,в_плохих_отношениях_с,Воскресенье
Блэйд,в_плохих_отношениях_с,Дань Хэн
Блэйд,в_плохих_отношениях_с,Цзин Юань
Блэйд,в_плохих_отношениях_с,Цзинлю
Бутхилл,в_плохих_отношениях_с,Ахерон
Вельт,в_плохих_отношениях_с,Кафка
Воскресенье,в_плохих_отношениях_с,Авантюрин
Воскресенье,в_плохих_отношениях_с,Галлахер
Галлахер,в_плохих_отношениях_с,Воскресенье
Гепард,в_плохих_отношениях_с,Сампо
Дань Хэн,в_плохих_отношениях_с,Блэйд
Искорка,в_плохих_отношениях_с,Март 7
Искорка,в_плохих_отношениях_с,Светлячок
Искорка,в_плохих_отношениях_с,Химеко
Искорка,в_плохих_отношениях_с,Первопроходец
Кафка,в_плохих_отношениях_с,Вельт
Кафка,в_плохих_отношениях_с,Химеко
Линша,в_плохих_отношениях_с,Цзин Юань
Лоча,в_плохих_отношениях_с,Цзин Юань
Март 7,в_плохих_отношениях_с,Искорка
Сампо,в_плохих_отношениях_с,Гепард
Светлячок,в_плохих_отношениях_с,Искорка
Химеко,в_плохих_отношениях_с,Искорка
Химеко,в_плохих_отношениях_с,Кафка
Цзин Юань,в_плохих_отношениях_с,Блэйд
Цзин Юань,в_плохих_отношениях_с,Линша
Цзин Юань,в_плохих_отношениях_с,Лоча
Цзинлю,в_плохих_отношениях_с,Блэйд
Первопроходец,в_плохих_отношениях_с,Искорка
Ахерон,в_плохих_отношениях_с,Бутхилл
Акивили,в_хороших_отношениях_с,Миша
Авантюрин,в_хороших_отношениях_с,Ахерон
Авантюрин,в_хороших_отношениях_с,Доктор Рацио
Авантюрин,в_хороших_отношениях_с,Март 7
Авантюрин,в_хороших_отношениях_с,Топаз
Авантюрин,в_хороших_отношениях_с,Чёрный Лебедь
Авантюрин,в_хороших_отношениях_с,Яшма
Авантюрин,в_хороших_отношениях_с,Первопроходец
Аргенти,в_хороших_отношениях_с,Бутхилл
Аргенти,в_хороших_отношениях_с,Дань Хэн
Аргенти,в_хороших_отношениях_с,Март 7
Аргенти,в_хороших_отношениях_с,Первопроходец
Арлан,в_хороших_отношениях_с,Аста
Арлан,в_хороших_отношениях_с,Вельт
Арлан,в_хороших_отношениях_с,Герта
Арлан,в_хороших_отношениях_с,Дань Хэн
Арлан,в_хороших_отношениях_с,Март 7
Арлан,в_хороших_отношениях_с,Химеко
Арлан,в_хороших_отношениях_с,Первопроходец
Аста,в_хороших_отношениях_с,Арлан
Аста,в_хороших_отношениях_с,Вельт
Аста,в_хороших_отношениях_с,Герта
Аста,в_хороших_отношениях_с,Дань Хэн
Аста,в_хороших_отношениях_с,Март 7
Аста,в_хороших_отношениях_с,Химеко
Аста,в_хороших_отношениях_с,Первопроходец
Ахерон,в_хороших_отношениях_с,Авантюрин
Ахерон,в_хороших_отношениях_с,Вельт
Ахерон,в_хороших_отношениях_с,Чёрный Лебедь
Ахерон,в_хороших_отношениях_с,Первопроходец
Байлу,в_хороших_отношениях_с,Гуйнайфэнь
Байлу,в_хороших_отношениях_с,Дань Хэн
Байлу,в_хороших_отношениях_с,Линша
Байлу,в_хороших_отношениях_с,Март 7
Байлу,в_хороших_отношениях_с,Тинъюнь
Байлу,в_хороших_отношениях_с,Цзин Юань
Байлу,в_хороших_отношениях_с,Юйкун
Байлу,в_хороших_отношениях_с,Первопроходец
Блэйд,в_хороших_отношениях_с,Кафка
Блэйд,в_хороших_отношениях_с,Светлячок
Блэйд,в_хороших_отношениях_с,Серебряный Волк
Броня,в_хороших_отношениях_с,Гепард
Броня,в_хороших_отношениях_с,Дань Хэн
Броня,в_хороших_отношениях_с,Зеле
Броня,в_хороших_отношениях_с,Клара
Броня,в_хороших_отношениях_с,Лука
Броня,в_хороших_отношениях_с,Март 7
Броня,в_хороших_отношениях_с,Наташа
Броня,в_хороших_отношениях_с,Пела
Броня,в_хороших_отношениях_с,Сервал
Броня,в_хороших_отношениях_с,Топаз
Броня,в_хороших_отношениях_с,Химеко
Броня,в_хороших_отношениях_с,Первопроходец
Бутхилл,в_хороших_отношениях_с,Аргенти
Бутхилл,в_хороших_отношениях_с,Зарянка
Бутхилл,в_хороших_отношениях_с,Март 7
Бутхилл,в_хороших_отношениях_с,Раппа
Бутхилл,в_хороших_отношениях_с,Первопроходец
Вельт,в_хороших_отношениях_с,Арлан
Вельт,в_хороших_отношениях_с,Аста
Вельт,в_хороших_отношениях_с,Ахерон
Вельт,в_хороших_отношениях_с,Воскресенье
Вельт,в_хороших_отношениях_с,Галлахер
Вельт,в_хороших_отношениях_с,Герта
Вельт,в_хороших_отношениях_с,Дань Хэн
Вельт,в_хороших_отношениях_с,Зарянка
Вельт,в_хороших_отношениях_с,Март 7
Вельт,в_хороших_отношениях_с,Тинъюнь
Вельт,в_хороших_отношениях_с,Фу Сюань
Вельт,в_хороших_отношениях_с,Химеко
Вельт,в_хороших_отношениях_с,Цзин Юань
Вельт,в_хороших_отношениях_с,Юйкун
Вельт,в_хороших_отношениях_с,Яньцин
Вельт,в_хороших_отношениях_с,Первопроходец
Воскресенье,в_хороших_отношениях_с,Вельт
Воскресенье,в_хороших_отношениях_с,Дань Хэн
Воскресенье,в_хороших_отношениях_с,Зарянка
Воскресенье,в_хороших_отношениях_с,Март 7
Воскресенье,в_хороших_отношениях_с,Химеко
Воскресенье,в_хороших_отношениях_с,Первопроходец
Галлахер,в_хороших_отношениях_с,Вельт
Галлахер,в_хороших_отношениях_с,Дань Хэн
Галлахер,в_хороших_отношениях_с,Март 7
Галлахер,в_хороших_отношениях_с,Миша
Галлахер,в_хороших_отношениях_с,Первопроходец
Гепард,в_хороших_отношениях_с,Броня
Гепард,в_хороших_отношениях_с,Дань Хэн
Гепард,в_хороших_отношениях_с,Зеле
Гепард,в_хороших_отношениях_с,Лука
Гепард,в_хороших_отношениях_с,Март 7
Гепард,в_хороших_отношениях_с,Наташа
Гепард,в_хороших_отношениях_с,Пела
Гепард,в_хороших_отношениях_с,Рысь
Гепард,в_хороших_отношениях_с,Сервал
Гепард,в_хороших_отношениях_с,Первопроходец
Герта,в_хороших_отношениях_с,Арлан
Герта,в_хороших_отношениях_с,Аста
Герта,в_хороших_отношениях_с,Вельт
Герта,в_хороших_отношениях_с,Дань Хэн
Герта,в_хороших_отношениях_с,Жуань Мэй
Герта,в_хороших_отношениях_с,Серебряный Волк
Герта,в_хороших_отношениях_с,Химеко
Герта,в_хороших_отношениях_с,Первопроходец
Гуйнайфэнь,в_хороших_отношениях_с,Байлу
Гуйнайфэнь,в_хороших_отношениях_с,Март 7
Гуйнайфэнь,в_хороших_отношениях_с,Сушан
Гуйнайфэнь,в_хороших_отношениях_с,Хохо
Гуйнайфэнь,в_хороших_отношениях_с,Цинцюэ
Гуйнайфэнь,в_хороших_отношениях_с,Первопроходец
Дань Хэн,в_хороших_отношениях_с,Аргенти
Дань Хэн,в_хороших_отношениях_с,Арлан
Дань Хэн,в_хороших_отношениях_с,Аста
Дань Хэн,в_хороших_отношениях_с,Байлу
Дань Хэн,в_хороших_отношениях_с,Броня
Дань Хэн,в_хороших_отношениях_с,Вельт
Дань Хэн,в_хороших_отношениях_с,Воскресенье
Дань Хэн,в_хороших_отношениях_с,Галлахер
Дань Хэн,в_хороших_отношениях_с,Гепард
Дань Хэн,в_хороших_отношениях_с,Герта
Дань Хэн,в_хороших_отношениях_с,Зеле
Дань Хэн,в_хороших_отношениях_с,Клара
Дань Хэн,в_хороших_отношениях_с,Лоча
Дань Хэн,в_хороших_отношениях_с,Март 7
Дань Хэн,в_хороших_отношениях_с,Раппа
Дань Хэн,в_хороших_отношениях_с,Сервал
Дань Хэн,в_хороших_отношениях_с,Сушан
Дань Хэн,в_хороших_отношениях_с,Тинъюнь
Дань Хэн,в_хороших_отношениях_с,Топаз
Дань Хэн,в_хороших_отношениях_с,Фэйсяо
Дань Хэн,в_хороших_отношениях_с,Химеко
Дань Хэн,в_хороших_отношениях_с,Цзин Юань
Дань Хэн,в_хороших_отношениях_с,Цзяоцю
Дань Хэн,в_хороших_отношениях_с,Яньцин
Дань Хэн,в_хороших_отношениях_с,Первопроходец
Доктор Рацио,в_хороших_отношениях_с,Авантюрин
Доктор Рацио,в_хороших_отношениях_с,Жуань Мэй
Доктор Рацио,в_хороших_отношениях_с,Первопроходец
Жуань Мэй,в_хороших_отношениях_с,Герта
Жуань Мэй,в_хороших_отношениях_с,Доктор Рацио
Жуань Мэй,в_хороших_отношениях_с,Тинъюнь
Жуань Мэй,в_хороших_отношениях_с,Первопроходец
Зарянка,в_хороших_отношениях_с,Бутхилл
Зарянка,в_хороших_отношениях_с,Вельт
Зарянка,в_хороших_отношениях_с,Воскресенье
Зарянка,в_хороших_отношениях_с,Март 7
Зарянка,в_хороших_отношениях_с,Раппа
Зарянка,в_хороших_отношениях_с,Химеко
Зарянка,в_хороших_отношениях_с,Первопроходец
Зеле,в_хороших_отношениях_с,Броня
Зеле,в_хороших_отношениях_с,Гепард
Зеле,в_хороших_отношениях_с,Дань Хэн
Зеле,в_хороших_отношениях_с,Клара
Зеле,в_хороших_отношениях_с,Лука
Зеле,в_хороших_отношениях_с,Март 7
Зеле,в_хороших_отношениях_с,Наташа
Зеле,в_хороших_отношениях_с,Хук
Зеле,в_хороших_отношениях_с,Первопроходец
Искорка,в_хороших_отношениях_с,Сампо
Кафка,в_хороших_отношениях_с,Блэйд
Кафка,в_хороших_отношениях_с,Светлячок
Кафка,в_хороших_отношениях_с,Серебряный Волк
Кафка,в_хороших_отношениях_с,Первопроходец
Клара,в_хороших_отношениях_с,Броня
Клара,в_хороших_отношениях_с,Дань Хэн
Клара,в_хороших_отношениях_с,Зеле
Клара,в_хороших_отношениях_с,Март 7
Клара,в_хороших_отношениях_с,Наташа
Клара,в_хороших_отношениях_с,Хук
Клара,в_хороших_отношениях_с,Первопроходец
Линша,в_хороших_отношениях_с,Байлу
Линша,в_хороших_отношениях_с,Март 7
Линша,в_хороших_отношениях_с,Фу Сюань
Линша,в_хороших_отношениях_с,Фэйсяо
Линша,в_хороших_отношениях_с,Юньли
Линша,в_хороших_отношениях_с,Первопроходец
Лоча,в_хороших_отношениях_с,Дань Хэн
Лоча,в_хороших_отношениях_с,Сушан
Лоча,в_хороших_отношениях_с,Цзинлю
Лука,в_хороших_отношениях_с,Броня
Лука,в_хороших_отношениях_с,Гепард
Лука,в_хороших_отношениях_с,Зеле
Лука,в_хороших_отношениях_с,Март 7
Лука,в_хороших_отношениях_с,Наташа
Лука,в_хороших_отношениях_с,Хук
Лука,в_хороших_отношениях_с,Яньцин
Лука,в_хороших_отношениях_с,Первопроходец
Март 7,в_хороших_отношениях_с,Авантюрин
Март 7,в_хороших_отношениях_с,Аргенти
Март 7,в_хороших_отношениях_с,Арлан
Март 7,в_хороших_отношениях_с,Аста
Март 7,в_хороших_отношениях_с,Байлу
Март 7,в_хороших_отношениях_с,Броня
Март 7,в_хороших_отношениях_с,Бутхилл
Март 7,в_хороших_отношениях_с,Вельт
Март 7,в_хороших_отношениях_с,Воскресенье
Март 7,в_хороших_отношениях_с,Галлахер
Март 7,в_хороших_отношениях_с,Гепард
Март 7,в_хороших_отношениях_с,Гуйнайфэнь
Март 7,в_хороших_отношениях_с,Дань Хэн
Март 7,в_хороших_отношениях_с,Зарянка
Март 7,в_хороших_отношениях_с,Зеле
Март 7,в_хороших_отношениях_с,Клара
Март 7,в_хороших_отношениях_с,Линша
Март 7,в_хороших_отношениях_с,Лука
Март 7,в_хороших_отношениях_с,Наташа
Март 7,в_хороших_отношениях_с,Пела
Март 7,в_хороших_отношениях_с,Раппа
Март 7,в_хороших_отношениях_с,Рысь
Март 7,в_хороших_отношениях_с,Серебряный Волк
Март 7,в_хороших_отношениях_с,Сушан
Март 7,в_хороших_отношениях_с,Тинъюнь
Март 7,в_хороших_отношениях_с,Топаз
Март 7,в_хороших_отношениях_с,Фэйсяо
Март 7,в_хороших_отношениях_с,Химеко
Март 7,в_хороших_отношениях_с,Хохо
Март 7,в_хороших_отношениях_с,Цзин Юань
Март 7,в_хороших_отношениях_с,Цзяоцю
Март 7,в_хороших_отношениях_с,Цинцюэ
Март 7,в_хороших_отношениях_с,Юйкун
Март 7,в_хороших_отношениях_с,Юньли
Март 7,в_хороших_отношениях_с,Яньцин
Март 7,в_хороших_отношениях_с,Первопроходец
Миша,в_хороших_отношениях_с,Акивили
Миша,в_хороших_отношениях_с,Галлахер
Миша,в_хороших_отношениях_с,Первопроходец
Моцзэ,в_хороших_отношениях_с,Фэйсяо
Моцзэ,в_хороших_отношениях_с,Цзяоцю
Моцзэ,в_хороших_отношениях_с,Первопроходец
Наташа,в_хороших_отношениях_с,Броня
Наташа,в_хороших_отношениях_с,Гепард
Наташа,в_хороших_отношениях_с,Зеле
Наташа,в_хороших_отношениях_с,Клара
Наташа,в_хороших_отношениях_с,Лука
Наташа,в_хороших_отношениях_с,Март 7
Наташа,в_хороших_отношениях_с,Хук
Наташа,в_хороших_отношениях_с,Первопроходец
Пела,в_хороших_отношениях_с,Броня
Пела,в_хороших_отношениях_с,Гепард
Пела,в_хороших_отношениях_с,Март 7
Пела,в_хороших_отношениях_с,Рысь
Пела,в_хороших_отношениях_с,Сервал
Пела,в_хороших_отношениях_с,Первопроходец
Раппа,в_хороших_отношениях_с,Бутхилл
Раппа,в_хороших_отношениях_с,Дань Хэн
Раппа,в_хороших_отношениях_с,Зарянка
Раппа,в_хороших_отношениях_с,Март 7
Раппа,в_хороших_отношениях_с,Первопроходец
Рысь,в_хороших_отношениях_с,Гепард
Рысь,в_хороших_отношениях_с,Март 7
Рысь,в_хороших_отношениях_с,Пела
Рысь,в_хороших_отношениях_с,Сампо
Рысь,в_хороших_отношениях_с,Сервал
Рысь,в_хороших_отношениях_с,Первопроходец
Сампо,в_хороших_отношениях_с,Искорка
Сампо,в_хороших_отношениях_с,Рысь
Сампо,в_хороших_отношениях_с,Сервал
Сампо,в_хороших_отношениях_с,Хук
Сампо,в_хороших_отношениях_с,Первопроходец
Светлячок,в_хороших_отношениях_с,Блэйд
Светлячок,в_хороших_отношениях_с,Кафка
Светлячок,в_хороших_отношениях_с,Серебряный Волк
Светлячок,в_хороших_отношениях_с,Первопроходец
Сервал,в_хороших_отношениях_с,Броня
Сервал,в_хороших_отношениях_с,Гепард
Сервал,в_хороших_отношениях_с,Дань Хэн
Сервал,в_хороших_отношениях_с,Пела
Сервал,в_хороших_отношениях_с,Рысь
Сервал,в_хороших_отношениях_с,Сампо
Сервал,в_хороших_отношениях_с,Первопроходец
Серебряный Волк,в_хороших_отношениях_с,Блэйд
Серебряный Волк,в_хороших_отношениях_с,Герта
Серебряный Волк,в_хороших_отношениях_с,Кафка
Серебряный Волк,в_хороших_отношениях_с,Март 7
Серебряный Волк,в_хороших_отношениях_с,Светлячок
Серебряный Волк,в_хороших_отношениях_с,Первопроходец
Сушан,в_хороших_отношениях_с,Гуйнайфэнь
Сушан,в_хороших_отношениях_с,Дань Хэн
Сушан,в_хороших_отношениях_с,Лоча
Сушан,в_хороших_отношениях_с,Март 7
Сушан,в_хороших_отношениях_с,Хохо
Сушан,в_хороших_отношениях_с,Цинцюэ
Сушан,в_хороших_отношениях_с,Первопроходец
Сюэи,в_хороших_отношениях_с,Ханья
Сюэи,в_хороших_отношениях_с,Хохо
Сюэи,в_хороших_отношениях_с,Первопроходец
Тинъюнь,в_хороших_отношениях_с,Байлу
Тинъюнь,в_хороших_отношениях_с,Вельт
Тинъюнь,в_хороших_отношениях_с,Дань Хэн
Тинъюнь,в_хороших_отношениях_с,Жуань Мэй
Тинъюнь,в_хороших_отношениях_с,Март 7
Тинъюнь,в_хороших_отношениях_с,Цинцюэ
Тинъюнь,в_хороших_отношениях_с,Юйкун
Тинъюнь,в_хороших_отношениях_с,Первопроходец
Топаз,в_хороших_отношениях_с,Авантюрин
Топаз,в_хороших_отношениях_с,Броня
Топаз,в_хороших_отношениях_с,Дань Хэн
Топаз,в_хороших_отношениях_с,Март 7
Топаз,в_хороших_отношениях_с,Химеко
Топаз,в_хороших_отношениях_с,Яшма
Топаз,в_хороших_отношениях_с,Первопроходец
Фу Сюань,в_хороших_отношениях_с,Вельт
Фу Сюань,в_хороших_отношениях_с,Линша
Фу Сюань,в_хороших_отношениях_с,Цзин Юань
Фу Сюань,в_хороших_отношениях_с,Цинцюэ
Фу Сюань,в_хороших_отношениях_с,Первопроходец
Фэйсяо,в_хороших_отношениях_с,Дань Хэн
Фэйсяо,в_хороших_отношениях_с,Линша
Фэйсяо,в_хороших_отношениях_с,Март 7
Фэйсяо,в_хороших_отношениях_с,Моцзэ
Фэйсяо,в_хороших_отношениях_с,Цзин Юань
Фэйсяо,в_хороших_отношениях_с,Цзинлю
Фэйсяо,в_хороших_отношениях_с,Цзяоцю
Фэйсяо,в_хороших_отношениях_с,Юйкун
Фэйсяо,в_хороших_отношениях_с,Юньли
Фэйсяо,в_хороших_отношениях_с,Яньцин
Фэйсяо,в_хороших_отношениях_с,Первопроходец
Ханья,в_хороших_отношениях_с,Сюэи
Ханья,в_хороших_отношениях_с,Хохо
Ханья,в_хороших_отношениях_с,Первопроходец
Химеко,в_хороших_отношениях_с,Арлан
Химеко,в_хороших_отношениях_с,Аста
Химеко,в_хороших_отношениях_с,Броня
Химеко,в_хороших_отношениях_с,Вельт
Химеко,в_хороших_отношениях_с,Воскресенье
Химеко,в_хороших_отношениях_с,Герта
Химеко,в_хороших_отношениях_с,Дань Хэн
Химеко,в_хороших_отношениях_с,Зарянка
Химеко,в_хороших_отношениях_с,Март 7
Химеко,в_хороших_отношениях_с,Топаз
Химеко,в_хороших_отношениях_с,Первопроходец
Хохо,в_хороших_отношениях_с,Гуйнайфэнь
Хохо,в_хороших_отношениях_с,Март 7
Хохо,в_хороших_отношениях_с,Сушан
Хохо,в_хороших_отношениях_с,Сюэи
Хохо,в_хороших_отношениях_с,Ханья
Хохо,в_хороших_отношениях_с,Первопроходец
Хук,в_хороших_отношениях_с,Зеле
Хук,в_хороших_отношениях_с,Клара
Хук,в_хороших_отношениях_с,Лука
Хук,в_хороших_отношениях_с,Наташа
Хук,в_хороших_отношениях_с,Сампо
Хук,в_хороших_отношениях_с,Первопроходец
Цзин Юань,в_хороших_отношениях_с,Байлу
Цзин Юань,в_хороших_отношениях_с,Вельт
Цзин Юань,в_хороших_отношениях_с,Дань Хэн
Цзин Юань,в_хороших_отношениях_с,Март 7
Цзин Юань,в_хороших_отношениях_с,Фу Сюань
Цзин Юань,в_хороших_отношениях_с,Фэйсяо
Цзин Юань,в_хороших_отношениях_с,Цзинлю
Цзин Юань,в_хороших_отношениях_с,Юйкун
Цзин Юань,в_хороших_отношениях_с,Яньцин
Цзин Юань,в_хороших_отношениях_с,Первопроходец
Цзинлю,в_хороших_отношениях_с,Лоча
Цзинлю,в_хороших_отношениях_с,Фэйсяо
Цзинлю,в_хороших_отношениях_с,Цзин Юань
Цзинлю,в_хороших_отношениях_с,Яньцин
Цзяоцю,в_хороших_отношениях_с,Дань Хэн
Цзяоцю,в_хороших_отношениях_с,Март 7
Цзяоцю,в_хороших_отношениях_с,Моцзэ
Цзяоцю,в_хороших_отношениях_с,Фэйсяо
Цзяоцю,в_хороших_отношениях_с,Первопроходец
Цинцюэ,в_хороших_отношениях_с,Гуйнайфэнь
Цинцюэ,в_хороших_отношениях_с,Март 7
Цинцюэ,в_хороших_отношениях_с,Сушан
Цинцюэ,в_хороших_отношениях_с,Тинъюнь
Цинцюэ,в_хороших_отношениях_с,Фу Сюань
Цинцюэ,в_хороших_отношениях_с,Первопроходец
Чёрный Лебедь,в_хороших_отношениях_с,Авантюрин
Чёрный Лебедь,в_хороших_отношениях_с,Ахерон
Чёрный Лебедь,в_хороших_отношениях_с,Первопроходец
Юйкун,в_хороших_отношениях_с,Байлу
Юйкун,в_хороших_отношениях_с,Вельт
Юйкун,в_хороших_отношениях_с,Март 7
Юйкун,в_хороших_отношениях_с,Тинъюнь
Юйкун,в_хороших_отношениях_с,Фэйсяо
Юйкун,в_хороших_отношениях_с,Цзин Юань
Юйкун,в_хороших_отношениях_с,Первопроходец
Юньли,в_хороших_отношениях_с,Линша
Юньли,в_хороших_отношениях_с,Март 7
Юньли,в_хороших_отношениях_с,Фэйсяо
Юньли,в_хороших_отношениях_с,Яньцин
Юньли,в_хороших_отношениях_с,Первопроходец
Яньцин,в_хороших_отношениях_с,Вельт
Яньцин,в_хороших_отношениях_с,Дань Хэн
Яньцин,в_хороших_отношениях_с,Лука
Яньцин,в_хороших_отношениях_с,Март 7
Яньцин,в_хороших_отношениях_с,Фэйсяо
Яньцин,в_хороших_отношениях_с,Цзин Юань
Яньцин,в_хороших_отношениях_с,Цзинлю
Яньцин,в_хороших_отношениях_с,Юньли
Яньцин,в_хороших_отношениях_с,Первопроходец
Яшма,в_хороших_отношениях_с,Авантюрин
Яшма,в_хороших_отношениях_с,Топаз
Яшма,в_хороших_отношениях_с,Первопроходец
Первопроходец,в_хороших_отношениях_с,Авантюрин
Первопроходец,в_хороших_отношениях_с,Аргенти
Первопроходец,в_хороших_отношениях_с,Арлан
Первопроходец,в_хороших_отношениях_с,Аста
Первопроходец,в_хороших_отношениях_с,Ахерон
Первопроходец,в_хороших_отношениях_с,Байлу
Первопроходец,в_хороших_отношениях_с,Броня
Первопроходец,в_хороших_отношениях_с,Бутхилл
Первопроходец,в_хороших_отношениях_с,Вельт
Первопроходец,в_хороших_отношениях_с,Воскресенье
Первопроходец,в_хороших_отношениях_с,Галлахер
Первопроходец,в_хороших_отношениях_с,Гепард
Первопроходец,в_хороших_отношениях_с,Герта
Первопроходец,в_хороших_отношениях_с,Гуйнайфэнь
Первопроходец,в_хороших_отношениях_с,Дань Хэн
Первопроходец,в_хороших_отношениях_с,Доктор Рацио
Первопроходец,в_хороших_отношениях_с,Жуань Мэй
Первопроходец,в_хороших_отношениях_с,Зарянка
Первопроходец,в_хороших_отношениях_с,Зеле
Первопроходец,в_хороших_отношениях_с,Кафка
Первопроходец,в_хороших_отношениях_с,Клара
Первопроходец,в_хороших_отношениях_с,Линша
Первопроходец,в_хороших_отношениях_с,Лука
Первопроходец,в_хороших_отношениях_с,Март 7
Первопроходец,в_хороших_отношениях_с,Миша
Первопроходец,в_хороших_отношениях_с,Моцзэ
Первопроходец,в_хороших_отношениях_с,Наташа
Первопроходец,в_хороших_отношениях_с,Пела
Первопроходец,в_хороших_отношениях_с,Раппа
Первопроходец,в_хороших_отношениях_с,Рысь
Первопроходец,в_хороших_отношениях_с,Сампо
Первопроходец,в_хороших_отношениях_с,Светлячок
Первопроходец,в_хороших_отношениях_с,Сервал
Первопроходец,в_хороших_отношениях_с,Серебряный Волк
Первопроходец,в_хороших_отношениях_с,Сушан
Первопроходец,в_хороших_отношениях_с,Сюэи
Первопроходец,в_хороших_отношениях_с,Тинъюнь
Первопроходец,в_хороших_отношениях_с,Топаз
Первопроходец,в_хороших_отношениях_с,Фу Сюань
Первопроходец,в_хороших_отношениях_с,Фэйсяо
Первопроходец,в_хороших_отношениях_с,Ханья
Первопроходец,в_хороших_отношениях_с,Химеко
Первопроходец,в_хороших_отношениях_с,Хохо
Первопроходец,в_хороших_отношениях_с,Хук
Первопроходец,в_хороших_отношениях_с,Цзин Юань
Первопроходец,в_хороших_отношениях_с,Цзяоцю
Первопроходец,в_хороших_отношениях_с,Цинцюэ
Первопроходец,в_хороших_отношениях_с,Чёрный Лебедь
Первопроходец,в_хороших_отношениях_с,Юйкун
Первопроходец,в_хороших_отношениях_с,Юньли
Первопроходец,в_хороших_отношениях_с,Яньцин
Первопроходец,в_хороших_отношениях_с,Яшма
Акивили,в_хороших_отношениях_с,Миша
Авантюрин,в_хороших_отношениях_с,Ахерон
Авантюрин,в_хороших_отношениях_с,Доктор Рацио
Авантюрин,в_хороших_отношениях_с,Март 7
Авантюрин,в_хороших_отношениях_с,Топаз
Авантюрин,в_хороших_отношениях_с,Чёрный Лебедь
Авантюрин,в_хороших_отношениях_с,Яшма
Авантюрин,в_хороших_отношениях_с,Первопроходец
Аргенти,в_хороших_отношениях_с,Бутхилл
Аргенти,в_хороших_отношениях_с,Дань Хэн
Аргенти,в_хороших_отношениях_с,Март 7
Аргенти,в_хороших_отношениях_с,Первопроходец
Арлан,в_хороших_отношениях_с,Аста
Арлан,в_хороших_отношениях_с,Вельт
Арлан,в_хороших_отношениях_с,Герта
Арлан,в_хороших_отношениях_с,Дань Хэн
Арлан,в_хороших_отношениях_с,Март 7
Арлан,в_хороших_отношениях_с,Химеко
Арлан,в_хороших_отношениях_с,Первопроходец
Аста,в_хороших_отношениях_с,Арлан
Аста,в_хороших_отношениях_с,Вельт
Аста,в_хороших_отношениях_с,Герта
Аста,в_хороших_отношениях_с,Дань Хэн
Аста,в_хороших_отношениях_с,Март 7
Аста,в_хороших_отношениях_с,Химеко
Аста,в_хороших_отношениях_с,Первопроходец
Ахерон,в_хороших_отношениях_с,Авантюрин
Ахерон,в_хороших_отношениях_с,Вельт
Ахерон,в_хороших_отношениях_с,Чёрный Лебедь
Ахерон,в_хороших_отношениях_с,Первопроходец
Байлу,в_хороших_отношениях_с,Гуйнайфэнь
Байлу,в_хороших_отношениях_с,Дань Хэн
Байлу,в_хороших_отношениях_с,Линша
Байлу,в_хороших_отношениях_с,Март 7
Байлу,в_хороших_отношениях_с,Тинъюнь
Байлу,в_хороших_отношениях_с,Цзин Юань
Байлу,в_хороших_отношениях_с,Юйкун
Байлу,в_хороших_отношениях_с,Первопроходец
Блэйд,в_хороших_отношениях_с,Кафка
Блэйд,в_хороших_отношениях_с,Светлячок
Блэйд,в_хороших_отношениях_с,Серебряный Волк
Броня,в_хороших_отношениях_с,Гепард
Броня,в_хороших_отношениях_с,Дань Хэн
Броня,в_хороших_отношениях_с,Зеле
Броня,в_хороших_отношениях_с,Клара
Броня,в_хороших_отношениях_с,Лука
Броня,в_хороших_отношениях_с,Март 7
Броня,в_хороших_отношениях_с,Наташа
Броня,в_хороших_отношениях_с,Пела
Броня,в_хороших_отношениях_с,Сервал
Броня,в_хороших_отношениях_с,Топаз
Броня,в_хороших_отношениях_с,Химеко
Броня,в_хороших_отношениях_с,Первопроходец
Бутхилл,в_хороших_отношениях_с,Аргенти
Бутхилл,в_хороших_отношениях_с,Зарянка
Бутхилл,в_хороших_отношениях_с,Март 7
Бутхилл,в_хороших_отношениях_с,Раппа
Бутхилл,в_хороших_отношениях_с,Первопроходец
Вельт,в_хороших_отношениях_с,Арлан
Вельт,в_хороших_отношениях_с,Аста
Вельт,в_хороших_отношениях_с,Ахерон
Вельт,в_хороших_отношениях_с,Воскресенье
Вельт,в_хороших_отношениях_с,Галлахер
Вельт,в_хороших_отношениях_с,Герта
Вельт,в_хороших_отношениях_с,Дань Хэн
Вельт,в_хороших_отношениях_с,Зарянка
Вельт,в_хороших_отношениях_с,Март 7
Вельт,в_хороших_отношениях_с,Тинъюнь
Вельт,в_хороших_отношениях_с,Фу Сюань
Вельт,в_хороших_отношениях_с,Химеко
Вельт,в_хороших_отношениях_с,Цзин Юань
Вельт,в_хороших_отношениях_с,Юйкун
Вельт,в_хороших_отношениях_с,Яньцин
Вельт,в_хороших_отношениях_с,Первопроходец
Воскресенье,в_хороших_отношениях_с,Вельт
Воскресенье,в_хороших_отношениях_с,Дань Хэн
Воскресенье,в_хороших_отношениях_с,Зарянка
Воскресенье,в_хороших_отношениях_с,Март 7
Воскресенье,в_хороших_отношениях_с,Химеко
Воскресенье,в_хороших_отношениях_с,Первопроходец
Галлахер,в_хороших_отношениях_с,Вельт
Галлахер,в_хороших_отношениях_с,Дань Хэн
Галлахер,в_хороших_отношениях_с,Март 7
Галлахер,в_хороших_отношениях_с,Миша
Галлахер,в_хороших_отношениях_с,Первопроходец
Гепард,в_хороших_отношениях_с,Броня
Гепард,в_хороших_отношениях_с,Дань Хэн
Гепард,в_хороших_отношениях_с,Зеле
Гепард,в_хороших_отношениях_с,Лука
Гепард,в_хороших_отношениях_с,Март 7
Гепард,в_хороших_отношениях_с,Наташа
Гепард,в_хороших_отношениях_с,Пела
Гепард,в_хороших_отношениях_с,Рысь
Гепард,в_хороших_отношениях_с,Сервал
Гепард,в_хороших_отношениях_с,Первопроходец
Герта,в_хороших_отношениях_с,Арлан
Герта,в_хороших_отношениях_с,Аста
Герта,в_хороших_отношениях_с,Вельт
Герта,в_хороших_отношениях_с,Дань Хэн
Герта,в_хороших_отношениях_с,Жуань Мэй
Герта,в_хороших_отношениях_с,Серебряный Волк
Герта,в_хороших_отношениях_с,Химеко
Герта,в_хороших_отношениях_с,Первопроходец
Гуйнайфэнь,в_хороших_отношениях_с,Байлу
Гуйнайфэнь,в_хороших_отношениях_с,Март 7
Гуйнайфэнь,в_хороших_отношениях_с,Сушан
Гуйнайфэнь,в_хороших_отношениях_с,Хохо
Гуйнайфэнь,в_хороших_отношениях_с,Цинцюэ
Гуйнайфэнь,в_хороших_отношениях_с,Первопроходец
Дань Хэн,в_хороших_отношениях_с,Аргенти
Дань Хэн,в_хороших_отношениях_с,Арлан
Дань Хэн,в_хороших_отношениях_с,Аста
Дань Хэн,в_хороших_отношениях_с,Байлу
Дань Хэн,в_хороших_отношениях_с,Броня
Дань Хэн,в_хороших_отношениях_с,Вельт
Дань Хэн,в_хороших_отношениях_с,Воскресенье
Дань Хэн,в_хороших_отношениях_с,Галлахер
Дань Хэн,в_хороших_отношениях_с,Гепард
Дань Хэн,в_хороших_отношениях_с,Герта
Дань Хэн,в_хороших_отношениях_с,Зеле
Дань Хэн,в_хороших_отношениях_с,Клара
Дань Хэн,в_хороших_отношениях_с,Лоча
Дань Хэн,в_хороших_отношениях_с,Март 7
Дань Хэн,в_хороших_отношениях_с,Раппа
Дань Хэн,в_хороших_отношениях_с,Сервал
Дань Хэн,в_хороших_отношениях_с,Сушан
Дань Хэн,в_хороших_отношениях_с,Тинъюнь
Дань Хэн,в_хороших_отношениях_с,Топаз
Дань Хэн,в_хороших_отношениях_с,Фэйсяо
Дань Хэн,в_хороших_отношениях_с,Химеко
Дань Хэн,в_хороших_отношениях_с,Цзин Юань
Дань Хэн,в_хороших_отношениях_с,Цзяоцю
Дань Хэн,в_хороших_отношениях_с,Яньцин
Дань Хэн,в_хороших_отношениях_с,Первопроходец
Доктор Рацио,в_хороших_отношениях_с,Авантюрин
Доктор Рацио,в_хороших_отношениях_с,Жуань Мэй
Доктор Рацио,в_хороших_отношениях_с,Первопроходец
Жуань Мэй,в_хороших_отношениях_с,Герта
Жуань Мэй,в_хороших_отношениях_с,Доктор Рацио
Жуань Мэй,в_хороших_отношениях_с,Тинъюнь
Жуань Мэй,в_хороших_отношениях_с,Первопроходец
Зарянка,в_хороших_отношениях_с,Бутхилл
Зарянка,в_хороших_отношениях_с,Вельт
Зарянка,в_хороших_отношениях_с,Воскресенье
Зарянка,в_хороших_отношениях_с,Март 7
Зарянка,в_хороших_отношениях_с,Раппа
Зарянка,в_хороших_отношениях_с,Химеко
Зарянка,в_хороших_отношениях_с,Первопроходец
Зеле,в_хороших_отношениях_с,Броня
Зеле,в_хороших_отношениях_с,Гепард
Зеле,в_хороших_отношениях_с,Дань Хэн
Зеле,в_хороших_отношениях_с,Клара
Зеле,в_хороших_отношениях_с,Лука
Зеле,в_хороших_отношениях_с,Март 7
Зеле,в_хороших_отношениях_с,Наташа
Зеле,в_хороших_отношениях_с,Хук
Зеле,в_хороших_отношениях_с,Первопроходец
Искорка,в_хороших_отношениях_с,Сампо
Кафка,в_хороших_отношениях_с,Блэйд
Кафка,в_хороших_отношениях_с,Светлячок
Кафка,в_хороших_отношениях_с,Серебряный Волк
Кафка,в_хороших_отношениях_с,Первопроходец
Клара,в_хороших_отношениях_с,Броня
Клара,в_хороших_отношениях_с,Дань Хэн
Клара,в_хороших_отношениях_с,Зеле
Клара,в_хороших_отношениях_с,Март 7
Клара,в_хороших_отношениях_с,Наташа
Клара,в_хороших_отношениях_с,Хук
Клара,в_хороших_отношениях_с,Первопроходец
Линша,в_хороших_отношениях_с,Байлу
Линша,в_хороших_отношениях_с,Март 7
Линша,в_хороших_отношениях_с,Фу Сюань
Линша,в_хороших_отношениях_с,Фэйсяо
Линша,в_хороших_отношениях_с,Юньли
Линша,в_хороших_отношениях_с,Первопроходец
Лоча,в_хороших_отношениях_с,Дань Хэн
Лоча,в_хороших_отношениях_с,Сушан
Лоча,в_хороших_отношениях_с,Цзинлю
Лука,в_хороших_отношениях_с,Броня
Лука,в_хороших_отношениях_с,Гепард
Лука,в_хороших_отношениях_с,Зеле
Лука,в_хороших_отношениях_с,Март 7
Лука,в_хороших_отношениях_с,Наташа
Лука,в_хороших_отношениях_с,Хук
Лука,в_хороших_отношениях_с,Яньцин
Лука,в_хороших_отношениях_с,Первопроходец
Март 7,в_хороших_отношениях_с,Авантюрин
Март 7,в_хороших_отношениях_с,Аргенти
Март 7,в_хороших_отношениях_с,Арлан
Март 7,в_хороших_отношениях_с,Аста
Март 7,в_хороших_отношениях_с,Байлу
Март 7,в_хороших_отношениях_с,Броня
Март 7,в_хороших_отношениях_с,Бутхилл
Март 7,в_хороших_отношениях_с,Вельт
Март 7,в_хороших_отношениях_с,Воскресенье
Март 7,в_хороших_отношениях_с,Галлахер
Март 7,в_хороших_отношениях_с,Гепард
Март 7,в_хороших_отношениях_с,Гуйнайфэнь
Март 7,в_хороших_отношениях_с,Дань Хэн
Март 7,в_хороших_отношениях_с,Зарянка
Март 7,в_хороших_отношениях_с,Зеле
Март 7,в_хороших_отношениях_с,Клара
Март 7,в_хороших_отношениях_с,Линша
Март 7,в_хороших_отношениях_с,Лука
Март 7,в_хороших_отношениях_с,Наташа
Март 7,в_хороших_отношениях_с,Пела
Март 7,в_хороших_отношениях_с,Раппа
Март 7,в_хороших_отношениях_с,Рысь
Март 7,в_хороших_отношениях_с,Серебряный Волк
Март 7,в_хороших_отношениях_с,Сушан
Март 7,в_хороших_отношениях_с,Тинъюнь
Март 7,в_хороших_отношениях_с,Топаз
Март 7,в_хороших_отношениях_с,Фэйсяо
Март 7,в_хороших_отношениях_с,Химеко
Март 7,в_хороших_отношениях_с,Хохо
Март 7,в_хороших_отношениях_с,Цзин Юань
Март 7,в_хороших_отношениях_с,Цзяоцю
Март 7,в_хороших_отношениях_с,Цинцюэ
Март 7,в_хороших_отношениях_с,Юйкун
Март 7,в_хороших_отношениях_с,Юньли
Март 7,в_хороших_отношениях_с,Яньцин
Март 7,в_хороших_отношениях_с,Первопроходец
Миша,в_хороших_отношениях_с,Акивили
Миша,в_хороших_отношениях_с,Галлахер
Миша,в_хороших_отношениях_с,Первопроходец
Моцзэ,в_хороших_отношениях_с,Фэйсяо
Моцзэ,в_хороших_отношениях_с,Цзяоцю
Моцзэ,в_хороших_отношениях_с,Первопроходец
Наташа,в_хороших_отношениях_с,Броня
Наташа,в_хороших_отношениях_с,Гепард
Наташа,в_хороших_отношениях_с,Зеле
Наташа,в_хороших_отношениях_с,Клара
Наташа,в_хороших_отношениях_с,Лука
Наташа,в_хороших_отношениях_с,Март 7
Наташа,в_хороших_отношениях_с,Хук
Наташа,в_хороших_отношениях_с,Первопроходец
Пела,в_хороших_отношениях_с,Броня
Пела,в_хороших_отношениях_с,Гепард
Пела,в_хороших_отношениях_с,Март 7
Пела,в_хороших_отношениях_с,Рысь
Пела,в_хороших_отношениях_с,Сервал
Пела,в_хороших_отношениях_с,Первопроходец
Раппа,в_хороших_отношениях_с,Бутхилл
Раппа,в_хороших_отношениях_с,Дань Хэн
Раппа,в_хороших_отношениях_с,Зарянка
Раппа,в_хороших_отношениях_с,Март 7
Раппа,в_хороших_отношениях_с,Первопроходец
Рысь,в_хороших_отношениях_с,Гепард
Рысь,в_хороших_отношениях_с,Март 7
Рысь,в_хороших_отношениях_с,Пела
Рысь,в_хороших_отношениях_с,Сампо
Рысь,в_хороших_отношениях_с,Сервал
Рысь,в_хороших_отношениях_с,Первопроходец
Сампо,в_хороших_отношениях_с,Искорка
Сампо,в_хороших_отношениях_с,Рысь
Сампо,в_хороших_отношениях_с,Сервал
Сампо,в_хороших_отношениях_с,Хук
Сампо,в_хороших_отношениях_с,Первопроходец
Светлячок,в_хороших_отношениях_с,Блэйд
Светлячок,в_хороших_отношениях_с,Кафка
Светлячок,в_хороших_отношениях_с,Серебряный Волк
Светлячок,в_хороших_отношениях_с,Первопроходец
Сервал,в_хороших_отношениях_с,Броня
Сервал,в_хороших_отношениях_с,Гепард
Сервал,в_хороших_отношениях_с,Дань Хэн
Сервал,в_хороших_отношениях_с,Пела
Сервал,в_хороших_отношениях_с,Рысь
Сервал,в_хороших_отношениях_с,Сампо
Сервал,в_хороших_отношениях_с,Первопроходец
Серебряный Волк,в_хороших_отношениях_с,Блэйд
Серебряный Волк,в_хороших_отношениях_с,Герта
Серебряный Волк,в_хороших_отношениях_с,Кафка
Серебряный Волк,в_хороших_отношениях_с,Март 7
Серебряный Волк,в_хороших_отношениях_с,Светлячок
Серебряный Волк,в_хороших_отношениях_с,Первопроходец
Сушан,в_хороших_отношениях_с,Гуйнайфэнь
Сушан,в_хороших_отношениях_с,Дань Хэн
Сушан,в_хороших_отношениях_с,Лоча
Сушан,в_хороших_отношениях_с,Март 7
Сушан,в_хороших_отношениях_с,Хохо
Сушан,в_хороших_отношениях_с,Цинцюэ
Сушан,в_хороших_отношениях_с,Первопроходец
Сюэи,в_хороших_отношениях_с,Ханья
Сюэи,в_хороших_отношениях_с,Хохо
Сюэи,в_хороших_отношениях_с,Первопроходец
Тинъюнь,в_хороших_отношениях_с,Байлу
Тинъюнь,в_хороших_отношениях_с,Вельт
Тинъюнь,в_хороших_отношениях_с,Дань Хэн
Тинъюнь,в_хороших_отношениях_с,Жуань Мэй
Тинъюнь,в_хороших_отношениях_с,Март 7
Тинъюнь,в_хороших_отношениях_с,Цинцюэ
Тинъюнь,в_хороших_отношениях_с,Юйкун
Тинъюнь,в_хороших_отношениях_с,Первопроходец
Топаз,в_хороших_отношениях_с,Авантюрин
Топаз,в_хороших_отношениях_с,Броня
Топаз,в_хороших_отношениях_с,Дань Хэн
Топаз,в_хороших_отношениях_с,Март 7
Топаз,в_хороших_отношениях_с,Химеко
Топаз,в_хороших_отношениях_с,Яшма
Топаз,в_хороших_отношениях_с,Первопроходец
Фу Сюань,в_хороших_отношениях_с,Вельт
Фу Сюань,в_хороших_отношениях_с,Линша
Фу Сюань,в_хороших_отношениях_с,Цзин Юань
Фу Сюань,в_хороших_отношениях_с,Цинцюэ
Фу Сюань,в_хороших_отношениях_с,Первопроходец
Фэйсяо,в_хороших_отношениях_с,Дань Хэн
Фэйсяо,в_хороших_отношениях_с,Линша
Фэйсяо,в_хороших_отношениях_с,Март 7
Фэйсяо,в_хороших_отношениях_с,Моцзэ
Фэйсяо,в_хороших_отношениях_с,Цзин Юань
Фэйсяо,в_хороших_отношениях_с,Цзинлю
Фэйсяо,в_хороших_отношениях_с,Цзяоцю
Фэйсяо,в_хороших_отношениях_с,Юйкун
Фэйсяо,в_хороших_отношениях_с,Юньли
Фэйсяо,в_хороших_отношениях_с,Яньцин
Фэйсяо,в_хороших_отношениях_с,Первопроходец
Ханья,в_хороших_отношениях_с,Сюэи
Ханья,в_хороших_отношениях_с,Хохо
Ханья,в_хороших_отношениях_с,Первопроходец
Химеко,в_хороших_отношениях_с,Арлан
Химеко,в_хороших_отношениях_с,Аста
Химеко,в_хороших_отношениях_с,Броня
Химеко,в_хороших_отношениях_с,Вельт
Химеко,в_хороших_отношениях_с,Воскресенье
Химеко,в_хороших_отношениях_с,Герта
Химеко,в_хороших_отношениях_с,Дань Хэн
Химеко,в_хороших_отношениях_с,Зарянка
Химеко,в_хороших_отношениях_с,Март 7
Химеко,в_хороших_отношениях_с,Топаз
Химеко,в_хороших_отношениях_с,Первопроходец
Хохо,в_хороших_отношениях_с,Гуйнайфэнь
Хохо,в_хороших_отношениях_с,Март 7
Хохо,в_хороших_отношениях_с,Сушан
Хохо,в_хороших_отношениях_с,Сюэи
Хохо,в_хороших_отношениях_с,Ханья
Хохо,в_хороших_отношениях_с,Первопроходец
Хук,в_хороших_отношениях_с,Зеле
Хук,в_хороших_отношениях_с,Клара
Хук,в_хороших_отношениях_с,Лука
Хук,в_хороших_отношениях_с,Наташа
Хук,в_хороших_отношениях_с,Сампо
Хук,в_хороших_отношениях_с,Первопроходец
Цзин Юань,в_хороших_отношениях_с,Байлу
Цзин Юань,в_хороших_отношениях_с,Вельт
Цзин Юань,в_хороших_отношениях_с,Дань Хэн
Цзин Юань,в_хороших_отношениях_с,Март 7
Цзин Юань,в_хороших_отношениях_с,Фу Сюань
Цзин Юань,в_хороших_отношениях_с,Фэйсяо
Цзин Юань,в_хороших_отношениях_с,Цзинлю
Цзин Юань,в_хороших_отношениях_с,Юйкун
Цзин Юань,в_хороших_отношениях_с,Яньцин
Цзин Юань,в_хороших_отношениях_с,Первопроходец
Цзинлю,в_хороших_отношениях_с,Лоча
Цзинлю,в_хороших_отношениях_с,Фэйсяо
Цзинлю,в_хороших_отношениях_с,Цзин Юань
Цзинлю,в_хороших_отношениях_с,Яньцин
Цзяоцю,в_хороших_отношениях_с,Дань Хэн
Цзяоцю,в_хороших_отношениях_с,Март 7
Цзяоцю,в_хороших_отношениях_с,Моцзэ
Цзяоцю,в_хороших_отношениях_с,Фэйсяо
Цзяоцю,в_хороших_отношениях_с,Первопроходец
Цинцюэ,в_хороших_отношениях_с,Гуйнайфэнь
Цинцюэ,в_хороших_отношениях_с,Март 7
Цинцюэ,в_хороших_отношениях_с,Сушан
Цинцюэ,в_хороших_отношениях_с,Тинъюнь
Цинцюэ,в_хороших_отношениях_с,Фу Сюань
Цинцюэ,в_хороших_отношениях_с,Первопроходец
Чёрный Лебедь,в_хороших_отношениях_с,Авантюрин
Чёрный Лебедь,в_хороших_отношениях_с,Ахерон
Чёрный Лебедь,в_хороших_отношениях_с,Первопроходец
Юйкун,в_хороших_отношениях_с,Байлу
Юйкун,в_хороших_отношениях_с,Вельт
Юйкун,в_хороших_отношениях_с,Март 7
Юйкун,в_хороших_отношениях_с,Тинъюнь
Юйкун,в_хороших_отношениях_с,Фэйсяо
Юйкун,в_хороших_отношениях_с,Цзин Юань
Юйкун,в_хороших_отношениях_с,Первопроходец
Юньли,в_хороших_отношениях_с,Линша
Юньли,в_хороших_отношениях_с,Март 7
Юньли,в_хороших_отношениях_с,Фэйсяо
Юньли,в_хороших_отношениях_с,Яньцин
Юньли,в_хороших_отношениях_с,Первопроходец
Яньцин,в_хороших_отношениях_с,Вельт
Яньцин,в_хороших_отношениях_с,Дань Хэн
Яньцин,в_хороших_отношениях_с,Лука
Яньцин,в_хороших_отношениях_с,Март 7
Яньцин,в_хороших_отношениях_с,Фэйсяо
Яньцин,в_хороших_отношениях_с,Цзин Юань
Яньцин,в_хороших_отношениях_с,Цзинлю
Яньцин,в_хороших_отношениях_с,Юньли
Яньцин,в_хороших_отношениях_с,Первопроходец
Яшма,в_хороших_отношениях_с,Авантюрин
Яшма,в_хороших_отношениях_с,Топаз
Яшма,в_хороших_отношениях_с,Первопроходец
Первопроходец,в_хороших_отношениях_с,Авантюрин
Первопроходец,в_хороших_отношениях_с,Аргенти
Первопроходец,в_хороших_отношениях_с,Арлан
Первопроходец,в_хороших_отношениях_с,Аста
Первопроходец,в_хороших_отношениях_с,Ахерон
Первопроходец,в_хороших_отношениях_с,Байлу
Первопроходец,в_хороших_отношениях_с,Броня
Первопроходец,в_хороших_отношениях_с,Бутхилл
Первопроходец,в_хороших_отношениях_с,Вельт
Первопроходец,в_хороших_отношениях_с,Воскресенье
Первопроходец,в_хороших_отношениях_с,Галлахер
Первопроходец,в_хороших_отношениях_с,Гепард
Первопроходец,в_хороших_отношениях_с,Герта
Первопроходец,в_хороших_отношениях_с,Гуйнайфэнь
Первопроходец,в_хороших_отношениях_с,Дань Хэн
Первопроходец,в_хороших_отношениях_с,Доктор Рацио
Первопроходец,в_хороших_отношениях_с,Жуань Мэй
Первопроходец,в_хороших_отношениях_с,Зарянка
Первопроходец,в_хороших_отношениях_с,Зеле
Первопроходец,в_хороших_отношениях_с,Кафка
Первопроходец,в_хороших_отношениях_с,Клара
Первопроходец,в_хороших_отношениях_с,Линша
Первопроходец,в_хороших_отношениях_с,Лука
Первопроходец,в_хороших_отношениях_с,Март 7
Первопроходец,в_хороших_отношениях_с,Миша
Первопроходец,в_хороших_отношениях_с,Моцзэ
Первопроходец,в_хороших_отношениях_с,Наташа
Первопроходец,в_хороших_отношениях_с,Пела
Первопроходец,в_хороших_отношениях_с,Раппа
Первопроходец,в_хороших_отношениях_с,Рысь
Первопроходец,в_хороших_отношениях_с,Сампо
Первопроходец,в_хороших_отношениях_с,Светлячок
Первопроходец,в_хороших_отношениях_с,Сервал
Первопроходец,в_хороших_отношениях_с,Серебряный Волк
Первопроходец,в_хороших_отношениях_с,Сушан
Первопроходец,в_хороших_отношениях_с,Сюэи
Первопроходец,в_хороших_отношениях_с,Тинъюнь
Первопроходец,в_хороших_отношениях_с,Топаз
Первопроходец,в_хороших_отношениях_с,Фу Сюань
Первопроходец,в_хороших_отношениях_с,Фэйсяо
Первопроходец,в_хороших_отношениях_с,Ханья
Первопроходец,в_хороших_отношениях_с,Химеко
Первопроходец,в_хороших_отношениях_с,Хохо
Первопроходец,в_хороших_отношениях_с,Хук
Первопроходец,в_хороших_отношениях_с,Цзин Юань
Первопроходец,в_хороших_отношениях_с,Цзяоцю
Первопроходец,в_хороших_отношениях_с,Цинцюэ
Первопроходец,в_хороших_отношениях_с,Чёрный Лебедь
Первопроходец,в_хороших_отношениях_с,Юйкун
Первопроходец,в_хороших_отношениях_с,Юньли
Первопроходец,в_хороших_отношениях_с,Яньцин
Первопроходец,в_хороших_отношениях_с,Яшма
Акивили,в_хороших_отношениях_с,Миша
Авантюрин,в_хороших_отношениях_с,Ахерон
Авантюрин,в_хороших_отношениях_с,Доктор Рацио
Авантюрин,в_хороших_отношениях_с,Март 7
Авантюрин,в_хороших_отношениях_с,Топаз
Авантюрин,в_хороших_отношениях_с,Чёрный Лебедь
Авантюрин,в_хороших_отношениях_с,Яшма
Авантюрин,в_хороших_отношениях_с,Первопроходец
Аргенти,в_хороших_отношениях_с,Бутхилл
Аргенти,в_хороших_отношениях_с,Дань Хэн
Аргенти,в_хороших_отношениях_с,Март 7
Аргенти,в_хороших_отношениях_с,Первопроходец
Арлан,в_хороших_отношениях_с,Аста
Арлан,в_хороших_отношениях_с,Вельт
Арлан,в_хороших_отношениях_с,Герта
Арлан,в_хороших_отношениях_с,Дань Хэн
Арлан,в_хороших_отношениях_с,Март 7
Арлан,в_хороших_отношениях_с,Химеко
Арлан,в_хороших_отношениях_с,Первопроходец
Аста,в_хороших_отношениях_с,Арлан
Аста,в_хороших_отношениях_с,Вельт
Аста,в_хороших_отношениях_с,Герта
Аста,в_хороших_отношениях_с,Дань Хэн
Аста,в_хороших_отношениях_с,Март 7
Аста,в_хороших_отношениях_с,Химеко
Аста,в_хороших_отношениях_с,Первопроходец
Байлу,в_хороших_отношениях_с,Гуйнайфэнь
Байлу,в_хороших_отношениях_с,Дань Хэн
Байлу,в_хороших_отношениях_с,Линша
Байлу,в_хороших_отношениях_с,Март 7
Байлу,в_хороших_отношениях_с,Тинъюнь
Байлу,в_хороших_отношениях_с,Цзин Юань
Байлу,в_хороших_отношениях_с,Юйкун
Байлу,в_хороших_отношениях_с,Первопроходец
Блэйд,в_хороших_отношениях_с,Кафка
Блэйд,в_хороших_отношениях_с,Светлячок
Блэйд,в_хороших_отношениях_с,Серебряный Волк
Броня,в_хороших_отношениях_с,Гепард
Броня,в_хороших_отношениях_с,Дань Хэн
Броня,в_хороших_отношениях_с,Зеле
Броня,в_хороших_отношениях_с,Клара
Броня,в_хороших_отношениях_с,Лука
Броня,в_хороших_отношениях_с,Март 7
Броня,в_хороших_отношениях_с,Наташа
Броня,в_хороших_отношениях_с,Пела
Броня,в_хороших_отношениях_с,Сервал
Броня,в_хороших_отношениях_с,Топаз
Броня,в_хороших_отношениях_с,Химеко
Броня,в_хороших_отношениях_с,Первопроходец
Бутхилл,в_хороших_отношениях_с,Аргенти
Бутхилл,в_хороших_отношениях_с,Зарянка
Бутхилл,в_хороших_отношениях_с,Март 7
Бутхилл,в_хороших_отношениях_с,Раппа
Бутхилл,в_хороших_отношениях_с,Первопроходец
Вельт,в_хороших_отношениях_с,Арлан
Вельт,в_хороших_отношениях_с,Аста
Вельт,в_хороших_отношениях_с,Ахерон
Вельт,в_хороших_отношениях_с,Воскресенье
Вельт,в_хороших_отношениях_с,Галлахер
Вельт,в_хороших_отношениях_с,Герта
Вельт,в_хороших_отношениях_с,Дань Хэн
Вельт,в_хороших_отношениях_с,Зарянка
Вельт,в_хороших_отношениях_с,Март 7
Вельт,в_хороших_отношениях_с,Тинъюнь
Вельт,в_хороших_отношениях_с,Фу Сюань
Вельт,в_хороших_отношениях_с,Химеко
Вельт,в_хороших_отношениях_с,Цзин Юань
Вельт,в_хороших_отношениях_с,Юйкун
Вельт,в_хороших_отношениях_с,Яньцин
Вельт,в_хороших_отношениях_с,Первопроходец
Воскресенье,в_хороших_отношениях_с,Вельт
Воскресенье,в_хороших_отношениях_с,Дань Хэн
Воскресенье,в_хороших_отношениях_с,Зарянка
Воскресенье,в_хороших_отношениях_с,Март 7
Воскресенье,в_хороших_отношениях_с,Химеко
Воскресенье,в_хороших_отношениях_с,Первопроходец
Галлахер,в_хороших_отношениях_с,Вельт
Галлахер,в_хороших_отношениях_с,Дань Хэн
Галлахер,в_хороших_отношениях_с,Март 7
Галлахер,в_хороших_отношениях_с,Миша
Галлахер,в_хороших_отношениях_с,Первопроходец
Гепард,в_хороших_отношениях_с,Броня
Гепард,в_хороших_отношениях_с,Дань Хэн
Гепард,в_хороших_отношениях_с,Зеле
Гепард,в_хороших_отношениях_с,Лука
Гепард,в_хороших_отношениях_с,Март 7
Гепард,в_хороших_отношениях_с,Наташа
Гепард,в_хороших_отношениях_с,Пела
Гепард,в_хороших_отношениях_с,Рысь
Гепард,в_хороших_отношениях_с,Сервал
Гепард,в_хороших_отношениях_с,Первопроходец
Гуйнайфэнь,в_хороших_отношениях_с,Байлу
Гуйнайфэнь,в_хороших_отношениях_с,Март 7
Гуйнайфэнь,в_хороших_отношениях_с,Сушан
Гуйнайфэнь,в_хороших_отношениях_с,Хохо
Гуйнайфэнь,в_хороших_отношениях_с,Цинцюэ
Гуйнайфэнь,в_хороших_отношениях_с,Первопроходец
Дань Хэн,в_хороших_отношениях_с,Аргенти
Дань Хэн,в_хороших_отношениях_с,Арлан
Дань Хэн,в_хороших_отношениях_с,Аста
Дань Хэн,в_хороших_отношениях_с,Байлу
Дань Хэн,в_хороших_отношениях_с,Броня
Дань Хэн,в_хороших_отношениях_с,Вельт
Дань Хэн,в_хороших_отношениях_с,Воскресенье
Дань Хэн,в_хороших_отношениях_с,Галлахер
Дань Хэн,в_хороших_отношениях_с,Гепард
Дань Хэн,в_хороших_отношениях_с,Герта
Дань Хэн,в_хороших_отношениях_с,Зеле
Дань Хэн,в_хороших_отношениях_с,Клара
Дань Хэн,в_хороших_отношениях_с,Лоча
Дань Хэн,в_хороших_отношениях_с,Март 7
Дань Хэн,в_хороших_отношениях_с,Раппа
Дань Хэн,в_хороших_отношениях_с,Сервал
Дань Хэн,в_хороших_отношениях_с,Сушан
Дань Хэн,в_хороших_отношениях_с,Тинъюнь
Дань Хэн,в_хороших_отношениях_с,Топаз
Дань Хэн,в_хороших_отношениях_с,Фэйсяо
Дань Хэн,в_хороших_отношениях_с,Химеко
Дань Хэн,в_хороших_отношениях_с,Цзин Юань
Дань Хэн,в_хороших_отношениях_с,Цзяоцю
Дань Хэн,в_хороших_отношениях_с,Яньцин
Дань Хэн,в_хороших_отношениях_с,Первопроходец
Доктор Рацио,в_хороших_отношениях_с,Авантюрин
Доктор Рацио,в_хороших_отношениях_с,Жуань Мэй
Доктор Рацио,в_хороших_отношениях_с,Первопроходец
Зарянка,в_хороших_отношениях_с,Бутхилл
Зарянка,в_хороших_отношениях_с,Вельт
Зарянка,в_хороших_отношениях_с,Воскресенье
Зарянка,в_хороших_отношениях_с,Март 7
Зарянка,в_хороших_отношениях_с,Раппа
Зарянка,в_хороших_отношениях_с,Химеко
Зарянка,в_хороших_отношениях_с,Первопроходец
Зеле,в_хороших_отношениях_с,Броня
Зеле,в_хороших_отношениях_с,Гепард
Зеле,в_хороших_отношениях_с,Дань Хэн
Зеле,в_хороших_отношениях_с,Клара
Зеле,в_хороших_отношениях_с,Лука
Зеле,в_хороших_отношениях_с,Март 7
Зеле,в_хороших_отношениях_с,Наташа
Зеле,в_хороших_отношениях_с,Хук
Зеле,в_хороших_отношениях_с,Первопроходец
Искорка,в_хороших_отношениях_с,Сампо
Кафка,в_хороших_отношениях_с,Блэйд
Кафка,в_хороших_отношениях_с,Светлячок
Кафка,в_хороших_отношениях_с,Серебряный Волк
Кафка,в_хороших_отношениях_с,Первопроходец
Клара,в_хороших_отношениях_с,Броня
Клара,в_хороших_отношениях_с,Дань Хэн
Клара,в_хороших_отношениях_с,Зеле
Клара,в_хороших_отношениях_с,Март 7
Клара,в_хороших_отношениях_с,Наташа
Клара,в_хороших_отношениях_с,Хук
Клара,в_хороших_отношениях_с,Первопроходец
Линша,в_хороших_отношениях_с,Байлу
Линша,в_хороших_отношениях_с,Март 7
Линша,в_хороших_отношениях_с,Фу Сюань
Линша,в_хороших_отношениях_с,Фэйсяо
Линша,в_хороших_отношениях_с,Юньли
Линша,в_хороших_отношениях_с,Первопроходец
Лоча,в_хороших_отношениях_с,Дань Хэн
Лоча,в_хороших_отношениях_с,Сушан
Лоча,в_хороших_отношениях_с,Цзинлю
Лука,в_хороших_отношениях_с,Броня
Лука,в_хороших_отношениях_с,Гепард
Лука,в_хороших_отношениях_с,Зеле
Лука,в_хороших_отношениях_с,Март 7
Лука,в_хороших_отношениях_с,Наташа
Лука,в_хороших_отношениях_с,Хук
Лука,в_хороших_отношениях_с,Яньцин
Лука,в_хороших_отношениях_с,Первопроходец
Март 7,в_хороших_отношениях_с,Авантюрин
Март 7,в_хороших_отношениях_с,Аргенти
Март 7,в_хороших_отношениях_с,Арлан
Март 7,в_хороших_отношениях_с,Аста
Март 7,в_хороших_отношениях_с,Байлу
Март 7,в_хороших_отношениях_с,Броня
Март 7,в_хороших_отношениях_с,Бутхилл
Март 7,в_хороших_отношениях_с,Вельт
Март 7,в_хороших_отношениях_с,Воскресенье
Март 7,в_хороших_отношениях_с,Галлахер
Март 7,в_хороших_отношениях_с,Гепард
Март 7,в_хороших_отношениях_с,Гуйнайфэнь
Март 7,в_хороших_отношениях_с,Дань Хэн
Март 7,в_хороших_отношениях_с,Зарянка
Март 7,в_хороших_отношениях_с,Зеле
Март 7,в_хороших_отношениях_с,Клара
Март 7,в_хороших_отношениях_с,Линша
Март 7,в_хороших_отношениях_с,Лука
Март 7,в_хороших_отношениях_с,Наташа
Март 7,в_хороших_отношениях_с,Пела
Март 7,в_хороших_отношениях_с,Раппа
Март 7,в_хороших_отношениях_с,Рысь
Март 7,в_хороших_отношениях_с,Серебряный Волк
Март 7,в_хороших_отношениях_с,Сушан
Март 7,в_хороших_отношениях_с,Тинъюнь
Март 7,в_хороших_отношениях_с,Топаз
Март 7,в_хороших_отношениях_с,Фэйсяо
Март 7,в_хороших_отношениях_с,Химеко
Март 7,в_хороших_отношениях_с,Хохо
Март 7,в_хороших_отношениях_с,Цзин Юань
Март 7,в_хороших_отношениях_с,Цзяоцю
Март 7,в_хороших_отношениях_с,Цинцюэ
Март 7,в_хороших_отношениях_с,Юйкун
Март 7,в_хороших_отношениях_с,Юньли
Март 7,в_хороших_отношениях_с,Яньцин
Март 7,в_хороших_отношениях_с,Первопроходец
Миша,в_хороших_отношениях_с,Акивили
Миша,в_хороших_отношениях_с,Галлахер
Миша,в_хороших_отношениях_с,Первопроходец
Моцзэ,в_хороших_отношениях_с,Фэйсяо
Моцзэ,в_хороших_отношениях_с,Цзяоцю
Моцзэ,в_хороших_отношениях_с,Первопроходец
Наташа,в_хороших_отношениях_с,Броня
Наташа,в_хороших_отношениях_с,Гепард
Наташа,в_хороших_отношениях_с,Зеле
Наташа,в_хороших_отношениях_с,Клара
Наташа,в_хороших_отношениях_с,Лука
Наташа,в_хороших_отношениях_с,Март 7
Наташа,в_хороших_отношениях_с,Хук
Наташа,в_хороших_отношениях_с,Первопроходец
Пела,в_хороших_отношениях_с,Броня
Пела,в_хороших_отношениях_с,Гепард
Пела,в_хороших_отношениях_с,Март 7
Пела,в_хороших_отношениях_с,Рысь
Пела,в_хороших_отношениях_с,Сервал
Пела,в_хороших_отношениях_с,Первопроходец
Раппа,в_хороших_отношениях_с,Бутхилл
Раппа,в_хороших_отношениях_с,Дань Хэн
Раппа,в_хороших_отношениях_с,Зарянка
Раппа,в_хороших_отношениях_с,Март 7
Раппа,в_хороших_отношениях_с,Первопроходец
Рысь,в_хороших_отношениях_с,Гепард
Рысь,в_хороших_отношениях_с,Март 7
Рысь,в_хороших_отношениях_с,Пела
Рысь,в_хороших_отношениях_с,Сампо
Рысь,в_хороших_отношениях_с,Сервал
Рысь,в_хороших_отношениях_с,Первопроходец
Сампо,в_хороших_отношениях_с,Искорка
Сампо,в_хороших_отношениях_с,Рысь
Сампо,в_хороших_отношениях_с,Сервал
Сампо,в_хороших_отношениях_с,Хук
Сампо,в_хороших_отношениях_с,Первопроходец
Светлячок,в_хороших_отношениях_с,Блэйд
Светлячок,в_хороших_отношениях_с,Кафка
Светлячок,в_хороших_отношениях_с,Серебряный Волк
Светлячок,в_хороших_отношениях_с,Первопроходец
Сервал,в_хороших_отношениях_с,Броня
Сервал,в_хороших_отношениях_с,Гепард
Сервал,в_хороших_отношениях_с,Дань Хэн
Сервал,в_хороших_отношениях_с,Пела
Сервал,в_хороших_отношениях_с,Рысь
Сервал,в_хороших_отношениях_с,Сампо
Сервал,в_хороших_отношениях_с,Первопроходец
Серебряный Волк,в_хороших_отношениях_с,Блэйд
Серебряный Волк,в_хороших_отношениях_с,Герта
Серебряный Волк,в_хороших_отношениях_с,Кафка
Серебряный Волк,в_хороших_отношениях_с,Март 7
Серебряный Волк,в_хороших_отношениях_с,Светлячок
Серебряный Волк,в_хороших_отношениях_с,Первопроходец
Сушан,в_хороших_отношениях_с,Гуйнайфэнь
Сушан,в_хороших_отношениях_с,Дань Хэн
Сушан,в_хороших_отношениях_с,Лоча
Сушан,в_хороших_отношениях_с,Март 7
Сушан,в_хороших_отношениях_с,Хохо
Сушан,в_хороших_отношениях_с,Цинцюэ
Сушан,в_хороших_отношениях_с,Первопроходец
Сюэи,в_хороших_отношениях_с,Ханья
Сюэи,в_хороших_отношениях_с,Хохо
Сюэи,в_хороших_отношениях_с,Первопроходец
Тинъюнь,в_хороших_отношениях_с,Байлу
Тинъюнь,в_хороших_отношениях_с,Вельт
Тинъюнь,в_хороших_отношениях_с,Дань Хэн
Тинъюнь,в_хороших_отношениях_с,Жуань Мэй
Тинъюнь,в_хороших_отношениях_с,Март 7
Тинъюнь,в_хороших_отношениях_с,Цинцюэ
Тинъюнь,в_хороших_отношениях_с,Юйкун
Тинъюнь,в_хороших_отношениях_с,Первопроходец
Топаз,в_хороших_отношениях_с,Авантюрин
Топаз,в_хороших_отношениях_с,Броня
Топаз,в_хороших_отношениях_с,Дань Хэн
Топаз,в_хороших_отношениях_с,Март 7
Топаз,в_хороших_отношениях_с,Химеко
Топаз,в_хороших_отношениях_с,Яшма
Топаз,в_хороших_отношениях_с,Первопроходец
Фу Сюань,в_хороших_отношениях_с,Вельт
Фу Сюань,в_хороших_отношениях_с,Линша
Фу Сюань,в_хороших_отношениях_с,Цзин Юань
Фу Сюань,в_хороших_отношениях_с,Цинцюэ
Фу Сюань,в_хороших_отношениях_с,Первопроходец
Фэйсяо,в_хороших_отношениях_с,Дань Хэн
Фэйсяо,в_хороших_отношениях_с,Линша
Фэйсяо,в_хороших_отношениях_с,Март 7
Фэйсяо,в_хороших_отношениях_с,Моцзэ
Фэйсяо,в_хороших_отношениях_с,Цзин Юань
Фэйсяо,в_хороших_отношениях_с,Цзинлю
Фэйсяо,в_хороших_отношениях_с,Цзяоцю
Фэйсяо,в_хороших_отношениях_с,Юйкун
Фэйсяо,в_хороших_отношениях_с,Юньли
Фэйсяо,в_хороших_отношениях_с,Яньцин
Фэйсяо,в_хороших_отношениях_с,Первопроходец
Ханья,в_хороших_отношениях_с,Сюэи
Ханья,в_хороших_отношениях_с,Хохо
Ханья,в_хороших_отношениях_с,Первопроходец
Химеко,в_хороших_отношениях_с,Арлан
Химеко,в_хороших_отношениях_с,Аста
Химеко,в_хороших_отношениях_с,Броня
Химеко,в_хороших_отношениях_с,Вельт
Химеко,в_хороших_отношениях_с,Воскресенье
Химеко,в_хороших_отношениях_с,Герта
Химеко,в_хороших_отношениях_с,Дань Хэн
Химеко,в_хороших_отношениях_с,Зарянка
Химеко,в_хороших_отношениях_с,Март 7
Химеко,в_хороших_отношениях_с,Топаз
Химеко,в_хороших_отношениях_с,Первопроходец
Хохо,в_хороших_отношениях_с,Гуйнайфэнь
Хохо,в_хороших_отношениях_с,Март 7
Хохо,в_хороших_отношениях_с,Сушан
Хохо,в_хороших_отношениях_с,Сюэи
Хохо,в_хороших_отношениях_с,Ханья
Хохо,в_хороших_отношениях_с,Первопроходец
Хук,в_хороших_отношениях_с,Зеле
Хук,в_хороших_отношениях_с,Клара
Хук,в_хороших_отношениях_с,Лука
Хук,в_хороших_отношениях_с,Наташа
Хук,в_хороших_отношениях_с,Сампо
Хук,в_хороших_отношениях_с,Первопроходец
Цзин Юань,в_хороших_отношениях_с,Байлу
Цзин Юань,в_хороших_отношениях_с,Вельт
Цзин Юань,в_хороших_отношениях_с,Дань Хэн
Цзин Юань,в_хороших_отношениях_с,Март 7
Цзин Юань,в_хороших_отношениях_с,Фу Сюань
Цзин Юань,в_хороших_отношениях_с,Фэйсяо
Цзин Юань,в_хороших_отношениях_с,Цзинлю
Цзин Юань,в_хороших_отношениях_с,Юйкун
Цзин Юань,в_хороших_отношениях_с,Яньцин
Цзин Юань,в_хороших_отношениях_с,Первопроходец
Цзинлю,в_хороших_отношениях_с,Лоча
Цзинлю,в_хороших_отношениях_с,Фэйсяо
Цзинлю,в_хороших_отношениях_с,Цзин Юань
Цзинлю,в_хороших_отношениях_с,Яньцин
Цзяоцю,в_хороших_отношениях_с,Дань Хэн
Цзяоцю,в_хороших_отношениях_с,Март 7
Цзяоцю,в_хороших_отношениях_с,Моцзэ
Цзяоцю,в_хороших_отношениях_с,Фэйсяо
Цзяоцю,в_хороших_отношениях_с,Первопроходец
Цинцюэ,в_хороших_отношениях_с,Гуйнайфэнь
Цинцюэ,в_хороших_отношениях_с,Март 7
Цинцюэ,в_хороших_отношениях_с,Сушан
Цинцюэ,в_хороших_отношениях_с,Тинъюнь
Цинцюэ,в_хороших_отношениях_с,Фу Сюань
Цинцюэ,в_хороших_отношениях_с,Первопроходец
Чёрный Лебедь,в_хороших_отношениях_с,Авантюрин
Чёрный Лебедь,в_хороших_отношениях_с,Ахерон
Чёрный Лебедь,в_хороших_отношениях_с,Первопроходец
Юйкун,в_хороших_отношениях_с,Байлу
Юйкун,в_хороших_отношениях_с,Вельт
Юйкун,в_хороших_отношениях_с,Март 7
Юйкун,в_хороших_отношениях_с,Тинъюнь
Юйкун,в_хороших_отношениях_с,Фэйсяо
Юйкун,в_хороших_отношениях_с,Цзин Юань
Юйкун,в_хороших_отношениях_с,Первопроходец
Юньли,в_хороших_отношениях_с,Линша
Юньли,в_хороших_отношениях_с,Март 7
Юньли,в_хороших_отношениях_с,Фэйсяо
Юньли,в_хороших_отношениях_с,Яньцин
Юньли,в_хороших_отношениях_с,Первопроходец
Яньцин,в_хороших_отношениях_с,Вельт
Яньцин,в_хороших_отношениях_с,Дань Хэн
Яньцин,в_хороших_отношениях_с,Лука
Яньцин,в_хороших_отношениях_с,Март 7
Яньцин,в_хороших_отношениях_с,Фэйсяо
Яньцин,в_хороших_отношениях_с,Цзин Юань
Яньцин,в_хороших_отношениях_с,Цзинлю
Яньцин,в_хороших_отношениях_с,Юньли
Яньцин,в_хороших_отношениях_с,Первопроходец
Яшма,в_хороших_отношениях_с,Авантюрин
Яшма,в_хороших_отношениях_с,Топаз
Яшма,в_хороших_отношениях_с,Первопроходец
Первопроходец,в_хороших_отношениях_с,Авантюрин
Первопроходец,в_хороших_отношениях_с,Аргенти
Первопроходец,в_хороших_отношениях_с,Арлан
Первопроходец,в_хороших_отношениях_с,Аста
Первопроходец,в_хороших_отношениях_с,Ахерон
Первопроходец,в_хороших_отношениях_с,Байлу
Первопроходец,в_хороших_отношениях_с,Броня
Первопроходец,в_хороших_отношениях_с,Бутхилл
Первопроходец,в_хороших_отношениях_с,Вельт
Первопроходец,в_хороших_отношениях_с,Воскресенье
Первопроходец,в_хороших_отношениях_с,Галлахер
Первопроходец,в_хороших_отношениях_с,Гепард
Первопроходец,в_хороших_отношениях_с,Герта
Первопроходец,в_хороших_отношениях_с,Гуйнайфэнь
Первопроходец,в_хороших_отношениях_с,Дань Хэн
Первопроходец,в_хороших_отношениях_с,Доктор Рацио
Первопроходец,в_хороших_отношениях_с,Жуань Мэй
Первопроходец,в_хороших_отношениях_с,Зарянка
Первопроходец,в_хороших_отношениях_с,Зеле
Первопроходец,в_хороших_отношениях_с,Кафка
Первопроходец,в_хороших_отношениях_с,Клара
Первопроходец,в_хороших_отношениях_с,Линша
Первопроходец,в_хороших_отношениях_с,Лука
Первопроходец,в_хороших_отношениях_с,Март 7
Первопроходец,в_хороших_отношениях_с,Миша
Первопроходец,в_хороших_отношениях_с,Моцзэ
Первопроходец,в_хороших_отношениях_с,Наташа
Первопроходец,в_хороших_отношениях_с,Пела
Первопроходец,в_хороших_отношениях_с,Раппа
Первопроходец,в_хороших_отношениях_с,Рысь
Первопроходец,в_хороших_отношениях_с,Сампо
Первопроходец,в_хороших_отношениях_с,Светлячок
Первопроходец,в_хороших_отношениях_с,Сервал
Первопроходец,в_хороших_отношениях_с,Серебряный Волк
Первопроходец,в_хороших_отношениях_с,Сушан
Первопроходец,в_хороших_отношениях_с,Сюэи
Первопроходец,в_хороших_отношениях_с,Тинъюнь
Первопроходец,в_хороших_отношениях_с,Топаз
Первопроходец,в_хороших_отношениях_с,Фу Сюань
Первопроходец,в_хороших_отношениях_с,Фэйсяо
Первопроходец,в_хороших_отношениях_с,Ханья
Первопроходец,в_хороших_отношениях_с,Химеко
Первопроходец,в_хороших_отношениях_с,Хохо
Первопроходец,в_хороших_отношениях_с,Хук
Первопроходец,в_хороших_отношениях_с,Цзин Юань
Первопроходец,в_хороших_отношениях_с,Цзяоцю
Первопроходец,в_хороших_отношениях_с,Цинцюэ
Первопроходец,в_хороших_отношениях_с,Чёрный Лебедь
Первопроходец,в_хороших_отношениях_с,Юйкун
Первопроходец,в_хороших_отношениях_с,Юньли
Первопроходец,в_хороших_отношениях_с,Яньцин
Первопроходец,в_хороших_отношениях_с,Яшма
Ахерон,в_хороших_отношениях_с,Авантюрин
Ахерон,в_хороших_отношениях_с,Вельт
Ахерон,в_хороших_отношениях_с,Чёрный Лебедь
Ахерон,в_хороших_отношениях_с,Первопроходец
Герта,в_хороших_отношениях_с,Арлан
Герта,в_хороших_отношениях_с,Аста
Герта,в_хороших_отношениях_с,Вельт
Герта,в_хороших_отношениях_с,Дань Хэн
Герта,в_хороших_отношениях_с,Жуань Мэй
Герта,в_хороших_отношениях_с,Серебряный Волк
Герта,в_хороших_отношениях_с,Химеко
Герта,в_хороших_отношениях_с,Первопроходец
Жуань Мэй,в_хороших_отношениях_с,Герта
Жуань Мэй,в_хороших_отношениях_с,Доктор Рацио
Жуань Мэй,в_хороших_отношениях_с,Тинъюнь
Жуань Мэй,в_хороших_отношениях_с,Первопроходец
Альянс Сяньчжоу,в_союзе_с,Архитекторы
Альянс Сяньчжоу,в_союзе_с,Безымянные
Альянс Сяньчжоу,в_союзе_с,Корпорация межзвёздного мира
Архитекторы,в_союзе_с,Альянс Сяньчжоу
Архитекторы,в_союзе_с,Безымянные
Архитекторы,в_союзе_с,Корпорация межзвёздного мира
Безымянные,в_союзе_с,Альянс Сяньчжоу
Безымянные,в_союзе_с,Архитекторы
Безымянные,в_союзе_с,Галактические рейнджеры
Безымянные,в_союзе_с,Корпорация межзвёздного мира
Галактические рейнджеры,в_союзе_с,Безымянные
Гильдия эрудитов,в_союзе_с,Корпорация межзвёздного мира
Гильдия эрудитов,в_союзе_с,Общество гениев
Гильдия эрудитов,в_союзе_с,Семья
Корпорация межзвёздного мира,в_союзе_с,Альянс Сяньчжоу
Корпорация межзвёздного мира,в_союзе_с,Архитекторы
Корпорация межзвёздного мира,в_союзе_с,Безымянные
Корпорация межзвёздного мира,в_союзе_с,Гильдия эрудитов
Корпорация межзвёздного мира,в_союзе_с,Семья
Общество гениев,в_союзе_с,Гильдия эрудитов
Семья,в_союзе_с,Гильдия эрудитов
Семья,в_союзе_с,Корпорация межзвёздного мира
Альянс Сяньчжоу,в_союзе_с,Архитекторы
Альянс Сяньчжоу,в_союзе_с,Безымянные
Альянс Сяньчжоу,в_союзе_с,Корпорация межзвёздного мира
Архитекторы,в_союзе_с,Альянс Сяньчжоу
Архитекторы,в_союзе_с,Безымянные
Архитекторы,в_союзе_с,Корпорация межзвёздного мира
Безымянные,в_союзе_с,Альянс Сяньчжоу
Безымянные,в_союзе_с,Архитекторы
Безымянные,в_союзе_с,Галактические рейнджеры
Безымянные,в_союзе_с,Корпорация межзвёздного мира
Галактические рейнджеры,в_союзе_с,Безымянные
Гильдия эрудитов,в_союзе_с,Корпорация межзвёздного мира
Гильдия эрудитов,в_союзе_с,Общество гениев
Гильдия эрудитов,в_союзе_с,Семья
Корпорация межзвёздного мира,в_союзе_с,Альянс Сяньчжоу
Корпорация межзвёздного мира,в_союзе_с,Архитекторы
Корпорация межзвёздного мира,в_союзе_с,Безымянные
Корпорация межзвёздного мира,в_союзе_с,Гильдия эрудитов
Корпорация межзвёздного мира,в_союзе_с,Семья
Общество гениев,в_союзе_с,Гильдия эрудитов
Семья,в_союзе_с,Гильдия эрудитов
Семья,в_союзе_с,Корпорация межзвёздного мира
Линша,возглавляет,Комиссия по алхимии
Фу Сюань,возглавляет,Комиссия по предсказаниям
Фэйсяо,возглавляет,Облачные рыцари
Химеко,возглавляет,Звёздный экспресс
Цзин Юань,возглавляет,Облачные рыцари
Юйкун,возглавляет,Комиссия по полётам
Линша,возглавляет,Комиссия по алхимии
Фу Сюань,возглавляет,Комиссия по предсказаниям
Фэйсяо,возглавляет,Облачные рыцари
Химеко,возглавляет,Звёздный экспресс
Цзин Юань,возглавляет,Облачные рыцари
Юйкун,возглавляет,Комиссия по полётам
Линша,возглавляет,Комиссия по алхимии
Фу Сюань,возглавляет,Комиссия по предсказаниям
Фэйсяо,возглавляет,Облачные рыцари
Химеко,возглавляет,Звёздный экспресс
Цзин Юань,возглавляет,Облачные рыцари
Юйкун,возглавляет,Комиссия по полётам
Альянс Сяньчжоу,враждует_с,Легион Антиматерии
Альянс Сяньчжоу,враждует_с,Обитатели Изобилия
Безымянные,враждует_с,Легион Антиматерии
Безымянные,враждует_с,Обитатели Изобилия
Безымянные,враждует_с,Охотники за Стелларонами
Галактические рейнджеры,враждует_с,Крематоры
Гильдия эрудитов,враждует_с,Фикциологи истории
Крематоры,враждует_с,Галактические рейнджеры
Легион Антиматерии,враждует_с,Альянс Сяньчжоу
Легион Антиматерии,враждует_с,Безымянные
Обитатели Изобилия,враждует_с,Альянс Сяньчжоу
Обитатели Изобилия,враждует_с,Безымянные
Охотники за Стелларонами,враждует_с,Безымянные
Фикциологи истории,враждует_с,Гильдия эрудитов
Альянс Сяньчжоу,враждует_с,Легион Антиматерии
Альянс Сяньчжоу,враждует_с,Обитатели Изобилия
Безымянные,враждует_с,Легион Антиматерии
Безымянные,враждует_с,Обитатели Изобилия
Безымянные,враждует_с,Охотники за Стелларонами
Галактические рейнджеры,враждует_с,Крематоры
Гильдия эрудитов,враждует_с,Фикциологи истории
Крематоры,враждует_с,Галактические рейнджеры
Легион Антиматерии,враждует_с,Альянс Сяньчжоу
Легион Антиматерии,враждует_с,Безымянные
Обитатели Изобилия,враждует_с,Альянс Сяньчжоу
Обитатели Изобилия,враждует_с,Безымянные
Охотники за Стелларонами,враждует_с,Безымянные
Фикциологи истории,враждует_с,Гильдия эрудитов
Гармония,кем_основан,Шипе
Завершённость,кем_основан,Терминус
Изобилие,кем_основан,Яоши
Красота,кем_основан,Идрила
Небытие,кем_основан,IX
Освоение,кем_основан,Акивили
Охота,кем_основан,Лань
Память,кем_основан,Фули
Порядок,кем_основан,Эна
Равновесие,кем_основан,ХуХ
Радость,кем_основан,Аха
Разрушение,кем_основан,Нанук
Распространение,кем_основан,Тайззиронт
Сохранение,кем_основан,Клипот
Энигмата,кем_основан,Мифус
Эрудиция,кем_основан,Нус
Гармония,кем_основан,Шипе
Завершённость,кем_основан,Терминус
Изобилие,кем_основан,Яоши
Красота,кем_основан,Идрила
Небытие,кем_основан,IX
Освоение,кем_основан,Акивили
Охота,кем_основан,Лань
Память,кем_основан,Фули
Порядок,кем_основан,Эна
Равновесие,кем_основан,ХуХ
Радость,кем_основан,Аха
Разрушение,кем_основан,Нанук
Распространение,кем_основан,Тайззиронт
Сохранение,кем_основан,Клипот
Энигмата,кем_основан,Мифус
Эрудиция,кем_основан,Нус
Авангард знамения,следует_пути,Завершённость
Альянс Сяньчжоу,следует_пути,Охота
Архитекторы,следует_пути,Сохранение
Банда уничтожения,следует_пути,Разрушение
Безымянные,следует_пути,Освоение
Галактические рейнджеры,следует_пути,Охота
Гильдия эрудитов,следует_пути,Эрудиция
Держатели зеркал,следует_пути,Красота
Десять каменных сердец,следует_пути,Сохранение
Доктора Хаоса,следует_пути,Небытие
Загадочники,следует_пути,Энигмата
Крематоры,следует_пути,Память
Легион Антиматерии,следует_пути,Разрушение
Небесный хор,следует_пути,Гармония
Небесный хор,следует_пути,Порядок
Недотёпы в масках,следует_пути,Радость
Обитатели Изобилия,следует_пути,Изобилие
Общество гениев,следует_пути,Эрудиция
Охотники за Стелларонами,следует_пути,Завершённость
Погребение веры,следует_пути,Завершённость
Рой,следует_пути,Распространение
Рыцари Красоты,следует_пути,Красота
Сад воспоминаний,следует_пути,Память
Семья,следует_пути,Гармония
Семья,следует_пути,Порядок
Скорбящие актёры,следует_пути,Радость
Фикциологи истории,следует_пути,Энигмата
Авангард знамения,следует_пути,Завершённость
Альянс Сяньчжоу,следует_пути,Охота
Архитекторы,следует_пути,Сохранение
Банда уничтожения,следует_пути,Разрушение
Безымянные,следует_пути,Освоение
Галактические рейнджеры,следует_пути,Охота
Гильдия эрудитов,следует_пути,Эрудиция
Держатели зеркал,следует_пути,Красота
Десять каменных сердец,следует_пути,Сохранение
Доктора Хаоса,следует_пути,Небытие
Загадочники,следует_пути,Энигмата
Крематоры,следует_пути,Память
Легион Антиматерии,следует_пути,Разрушение
Небесный хор,следует_пути,Гармония
Небесный хор,следует_пути,Порядок
Недотёпы в масках,следует_пути,Радость
Обитатели Изобилия,следует_пути,Изобилие
Общество гениев,следует_пути,Эрудиция
Охотники за Стелларонами,следует_пути,Завершённость
Погребение веры,следует_пути,Завершённость
Рой,следует_пути,Распространение
Рыцари Красоты,следует_пути,Красота
Сад воспоминаний,следует_пути,Память
Семья,следует_пути,Гармония
Семья,следует_пути,Порядок
Скорбящие актёры,следует_пути,Радость
Фикциологи истории,следует_пути,Энигмата
Альянс Сяньчжоу,содержит,Комиссия десяти владык
Альянс Сяньчжоу,содержит,Комиссия по алхимии
Альянс Сяньчжоу,содержит,Комиссия по балансу
Альянс Сяньчжоу,содержит,Комиссия по полётам
Альянс Сяньчжоу,содержит,Комиссия по предсказаниям
Альянс Сяньчжоу,содержит,Комиссия по ремёслам
Альянс Сяньчжоу,содержит,Облачные рыцари
Архитекторы,содержит,Среброгривые Стражи
Банда уничтожения,содержит,Братство Джепеллы
Банда уничтожения,содержит,Вечногорящий Особняк
Безымянные,содержит,Звёздный экспресс
Корпорация межзвёздного мира,содержит,Отдел консолидации бизнеса
Корпорация межзвёздного мира,содержит,Отдел логистики строительных материалов
Корпорация межзвёздного мира,содержит,Отдел мотивации
Корпорация межзвёздного мира,содержит,Отдел развития маркетинга
Корпорация межзвёздного мира,содержит,Отдел стратегических инвестиций
Корпорация межзвёздного мира,содержит,Отдел технологий
Корпорация межзвёздного мира,содержит,Отдел традиционных проектов
Обитатели Изобилия,содержит,Ученики Санктус Медикус
Семья,содержит,Клан Гончих
Семья,содержит,Клан Дубов
Семья,содержит,Клан Ирисов
Семья,содержит,Клан Люцерн
Семья,содержит,Клан Ночных Дроздов
Альянс Сяньчжоу,содержит,Комиссия десяти владык
Альянс Сяньчжоу,содержит,Комиссия по алхимии
Альянс Сяньчжоу,содержит,Комиссия по балансу
Альянс Сяньчжоу,содержит,Комиссия по полётам
Альянс Сяньчжоу,содержит,Комиссия по предсказаниям
Альянс Сяньчжоу,содержит,Комиссия по ремёслам
Альянс Сяньчжоу,содержит,Облачные рыцари
Архитекторы,содержит,Среброгривые Стражи
Банда уничтожения,содержит,Братство Джепеллы
Банда уничтожения,содержит,Вечногорящий Особняк
Безымянные,содержит,Звёздный экспресс
Корпорация межзвёздного мира,содержит,Отдел консолидации бизнеса
Корпорация межзвёздного мира,содержит,Отдел логистики строительных материалов
Корпорация межзвёздного мира,содержит,Отдел мотивации
Корпорация межзвёздного мира,содержит,Отдел развития маркетинга
Корпорация межзвёздного мира,содержит,Отдел стратегических инвестиций
Корпорация межзвёздного мира,содержит,Отдел технологий
Корпорация межзвёздного мира,содержит,Отдел традиционных проектов
Обитатели Изобилия,содержит,Ученики Санктус Медикус
Семья,содержит,Клан Гончих
Семья,содержит,Клан Дубов
Семья,содержит,Клан Ирисов
Семья,содержит,Клан Люцерн
Семья,содержит,Клан Ночных Дроздов
Вечногорящий Особняк,состоит_в,Банда уничтожения
Звёздный экспресс,состоит_в,Безымянные
Клан Гончих,состоит_в,Семья
Клан Дубов,состоит_в,Семья
Клан Ирисов,состоит_в,Семья
Клан Люцерн,состоит_в,Семья
Клан Ночных Дроздов,состоит_в,Семья
Комиссия десяти владык,состоит_в,Альянс Сяньчжоу
Комиссия по алхимии,состоит_в,Альянс Сяньчжоу
Комиссия по балансу,состоит_в,Альянс Сяньчжоу
Комиссия по полётам,состоит_в,Альянс Сяньчжоу
Комиссия по предсказаниям,состоит_в,Альянс Сяньчжоу
Комиссия по ремёслам,состоит_в,Альянс Сяньчжоу
Облачные рыцари,состоит_в,Альянс Сяньчжоу
Отдел консолидации бизнеса,состоит_в,Корпорация межзвёздного мира
Отдел логистики строительных материалов,состоит_в,Корпорация межзвёздного мира
Отдел мотивации,состоит_в,Корпорация межзвёздного мира
Отдел развития маркетинга,состоит_в,Корпорация межзвёздного мира
Отдел стратегических инвестиций,состоит_в,Корпорация межзвёздного мира
Отдел технологий,состоит_в,Корпорация межзвёздного мира
Отдел традиционных проектов,состоит_в,Корпорация межзвёздного мира
Авантюрин,состоит_в,Десять каменных сердец
Авантюрин,состоит_в,Корпорация межзвёздного мира
Авантюрин,состоит_в,Отдел стратегических инвестиций
Аргенти,состоит_в,Рыцари Красоты
Байлу,состоит_в,Альянс Сяньчжоу
Блэйд,состоит_в,Охотники за Стелларонами
Броня,состоит_в,Архитекторы
Броня,состоит_в,Среброгривые Стражи
Бутхилл,состоит_в,Галактические рейнджеры
Вельт,состоит_в,Безымянные
Вельт,состоит_в,Звёздный экспресс
Воскресенье,состоит_в,Клан Дубов
Воскресенье,состоит_в,Семья
Галлахер,состоит_в,Фикциологи истории
Гепард,состоит_в,Архитекторы
Гепард,состоит_в,Среброгривые Стражи
Герта,состоит_в,Общество гениев
Гуйнайфэнь,состоит_в,Альянс Сяньчжоу
Дань Хэн,состоит_в,Безымянные
Дань Хэн,состоит_в,Звёздный экспресс
Доктор Рацио,состоит_в,Гильдия эрудитов
Жуань Мэй,состоит_в,Общество гениев
Зарянка,состоит_в,Клан Ирисов
Зарянка,состоит_в,Семья
Зеле,состоит_в,Архитекторы
Искорка,состоит_в,Недотёпы в масках
Кафка,состоит_в,Охотники за Стелларонами
Клара,состоит_в,Архитекторы
Линша,состоит_в,Альянс Сяньчжоу
Лука,состоит_в,Архитекторы
Март 7,состоит_в,Безымянные
Март 7,состоит_в,Звёздный экспресс
Миша,состоит_в,Безымянные
Моцзэ,состоит_в,Альянс Сяньчжоу
Наташа,состоит_в,Архитекторы
Пела,состоит_в,Архитекторы
Пела,состоит_в,Среброгривые Стражи
Раппа,состоит_в,Галактические рейнджеры
Сампо,состоит_в,Недотёпы в масках
Светлячок,состоит_в,Охотники за Стелларонами
Сервал,состоит_в,Архитекторы
Сервал,состоит_в,Среброгривые Стражи
Серебряный Волк,состоит_в,Охотники за Стелларонами
Сушан,состоит_в,Альянс Сяньчжоу
Сушан,состоит_в,Облачные рыцари
Сюэи,состоит_в,Альянс Сяньчжоу
Сюэи,состоит_в,Комиссия десяти владык
Тинъюнь,состоит_в,Альянс Сяньчжоу
Тинъюнь,состоит_в,Комиссия по полётам
Топаз,состоит_в,Десять каменных сердец
Топаз,состоит_в,Корпорация межзвёздного мира
Топаз,состоит_в,Отдел стратегических инвестиций
Фу Сюань,состоит_в,Альянс Сяньчжоу
Фэйсяо,состоит_в,Альянс Сяньчжоу
Ханья,состоит_в,Альянс Сяньчжоу
Ханья,состоит_в,Комиссия десяти владык
Химеко,состоит_в,Безымянные
Хохо,состоит_в,Альянс Сяньчжоу
Хохо,состоит_в,Комиссия десяти владык
Хук,состоит_в,Архитекторы
Цзин Юань,состоит_в,Альянс Сяньчжоу
Цзяоцю,состоит_в,Альянс Сяньчжоу
Цзяоцю,состоит_в,Комиссия по алхимии
Цинцюэ,состоит_в,Альянс Сяньчжоу
Цинцюэ,состоит_в,Комиссия по предсказаниям
Чёрный Лебедь,состоит_в,Сад воспоминаний
Юйкун,состоит_в,Альянс Сяньчжоу
Юньли,состоит_в,Альянс Сяньчжоу
Яньцин,состоит_в,Альянс Сяньчжоу
Яньцин,состоит_в,Облачные рыцари
Яшма,состоит_в,Десять каменных сердец
Яшма,состоит_в,Корпорация межзвёздного мира
Яшма,состоит_в,Отдел стратегических инвестиций
Среброгривые Стражи,состоит_в,Архитекторы
Ученики Санктус Медикус,состоит_в,Обитатели Изобилия
Первопроходец,состоит_в,Безымянные
Первопроходец,состоит_в,Звёздный экспресс
Вечногорящий Особняк,состоит_в,Банда уничтожения
Звёздный экспресс,состоит_в,Безымянные
Клан Гончих,состоит_в,Семья
Клан Дубов,состоит_в,Семья
Клан Ирисов,состоит_в,Семья
Клан Люцерн,состоит_в,Семья
Клан Ночных Дроздов,состоит_в,Семья
Комиссия десяти владык,состоит_в,Альянс Сяньчжоу
Комиссия по алхимии,состоит_в,Альянс Сяньчжоу
Комиссия по балансу,состоит_в,Альянс Сяньчжоу
Комиссия по полётам,состоит_в,Альянс Сяньчжоу
Комиссия по предсказаниям,состоит_в,Альянс Сяньчжоу
Комиссия по ремёслам,состоит_в,Альянс Сяньчжоу
Облачные рыцари,состоит_в,Альянс Сяньчжоу
Отдел консолидации бизнеса,состоит_в,Корпорация межзвёздного мира
Отдел логистики строительных материалов,состоит_в,Корпорация межзвёздного мира
Отдел мотивации,состоит_в,Корпорация межзвёздного мира
Отдел развития маркетинга,состоит_в,Корпорация межзвёздного мира
Отдел стратегических инвестиций,состоит_в,Корпорация межзвёздного мира
Отдел технологий,состоит_в,Корпорация межзвёздного мира
Отдел традиционных проектов,состоит_в,Корпорация межзвёздного мира
Среброгривые Стражи,состоит_в,Архитекторы
Ученики Санктус Медикус,состоит_в,Обитатели Изобилия
Вечногорящий Особняк,состоит_в,Банда уничтожения
Звёздный экспресс,состоит_в,Безымянные
Ученики Санктус Медикус,состоит_в,Обитатели Изобилия
Облачные рыцари,состоит_в,Альянс Сяньчжоу
Среброгривые Стражи,состоит_в,Архитекторы
Комиссия десяти владык,состоит_в,Альянс Сяньчжоу
Комиссия по алхимии,состоит_в,Альянс Сяньчжоу
Комиссия по балансу,состоит_в,Альянс Сяньчжоу
Комиссия по полётам,состоит_в,Альянс Сяньчжоу
Комиссия по предсказаниям,состоит_в,Альянс Сяньчжоу
Комиссия по ремёслам,состоит_в,Альянс Сяньчжоу
Авантюрин,состоит_в,Десять каменных сердец
Авантюрин,состоит_в,Корпорация межзвёздного мира
Авантюрин,состоит_в,Отдел стратегических инвестиций
Аргенти,состоит_в,Рыцари Красоты
Байлу,состоит_в,Альянс Сяньчжоу
Блэйд,состоит_в,Охотники за Стелларонами
Броня,состоит_в,Архитекторы
Броня,состоит_в,Среброгривые Стражи
Бутхилл,состоит_в,Галактические рейнджеры
Вельт,состоит_в,Безымянные
Вельт,состоит_в,Звёздный экспресс
Воскресенье,состоит_в,Клан Дубов
Воскресенье,состоит_в,Семья
Галлахер,состоит_в,Фикциологи истории
Гепард,состоит_в,Архитекторы
Гепард,состоит_в,Среброгривые Стражи
Герта,состоит_в,Общество гениев
Гуйнайфэнь,состоит_в,Альянс Сяньчжоу
Дань Хэн,состоит_в,Безымянные
Дань Хэн,состоит_в,Звёздный экспресс
Доктор Рацио,состоит_в,Гильдия эрудитов
Жуань Мэй,состоит_в,Общество гениев
Зарянка,состоит_в,Клан Ирисов
Зарянка,состоит_в,Семья
Зеле,состоит_в,Архитекторы
Искорка,состоит_в,Недотёпы в масках
Кафка,состоит_в,Охотники за Стелларонами
Клара,состоит_в,Архитекторы
Линша,состоит_в,Альянс Сяньчжоу
Лука,состоит_в,Архитекторы
Март 7,состоит_в,Безымянные
Март 7,состоит_в,Звёздный экспресс
Миша,состоит_в,Безымянные
Моцзэ,состоит_в,Альянс Сяньчжоу
Наташа,состоит_в,Архитекторы
Пела,состоит_в,Архитекторы
Пела,состоит_в,Среброгривые Стражи
Раппа,состоит_в,Галактические рейнджеры
Сампо,состоит_в,Недотёпы в масках
Светлячок,состоит_в,Охотники за Стелларонами
Сервал,состоит_в,Архитекторы
Сервал,состоит_в,Среброгривые Стражи
Серебряный Волк,состоит_в,Охотники за Стелларонами
Сушан,состоит_в,Альянс Сяньчжоу
Сушан,состоит_в,Облачные рыцари
Сюэи,состоит_в,Альянс Сяньчжоу
Сюэи,состоит_в,Комиссия десяти владык
Тинъюнь,состоит_в,Альянс Сяньчжоу
Тинъюнь,состоит_в,Комиссия по полётам
Топаз,состоит_в,Десять каменных сердец
Топаз,состоит_в,Корпорация межзвёздного мира
Топаз,состоит_в,Отдел стратегических инвестиций
Фу Сюань,состоит_в,Альянс Сяньчжоу
Фэйсяо,состоит_в,Альянс Сяньчжоу
Ханья,состоит_в,Альянс Сяньчжоу
Ханья,состоит_в,Комиссия десяти владык
Химеко,состоит_в,Безымянные
Хохо,состоит_в,Альянс Сяньчжоу
Хохо,состоит_в,Комиссия десяти владык
Хук,состоит_в,Архитекторы
Цзин Юань,состоит_в,Альянс Сяньчжоу
Цзяоцю,состоит_в,Альянс Сяньчжоу
Цзяоцю,состоит_в,Комиссия по алхимии
Цинцюэ,состоит_в,Альянс Сяньчжоу
Цинцюэ,состоит_в,Комиссия по предсказаниям
Чёрный Лебедь,состоит_в,Сад воспоминаний
Юйкун,состоит_в,Альянс Сяньчжоу
Юньли,состоит_в,Альянс Сяньчжоу
Яньцин,состоит_в,Альянс Сяньчжоу
Яньцин,состоит_в,Облачные рыцари
Яшма,состоит_в,Десять каменных сердец
Яшма,состоит_в,Корпорация межзвёздного мира
Яшма,состоит_в,Отдел стратегических инвестиций
Первопроходец,состоит_в,Безымянные
Первопроходец,состоит_в,Звёздный экспресс
Клан Гончих,состоит_в,Семья
Клан Дубов,состоит_в,Семья
Клан Ирисов,состоит_в,Семья
Клан Люцерн,состоит_в,Семья
Клан Ночных Дроздов,состоит_в,Семья
Отдел консолидации бизнеса,состоит_в,Корпорация межзвёздного мира
Отдел логистики строительных материалов,состоит_в,Корпорация межзвёздного мира
Отдел мотивации,состоит_в,Корпорация межзвёздного мира
Отдел развития маркетинга,состоит_в,Корпорация межзвёздного мира
Отдел стратегических инвестиций,состоит_в,Корпорация межзвёздного мира
Отдел технологий,состоит_в,Корпорация межзвёздного мира
Отдел традиционных проектов,состоит_в,Корпорация межзвёздного мира
Авантюрин,состоит_в,Десять каменных сердец
Авантюрин,состоит_в,Корпорация межзвёздного мира
Авантюрин,состоит_в,Отдел стратегических инвестиций
Аргенти,состоит_в,Рыцари Красоты
Байлу,состоит_в,Альянс Сяньчжоу
Блэйд,состоит_в,Охотники за Стелларонами
Броня,состоит_в,Архитекторы
Броня,состоит_в,Среброгривые Стражи
Бутхилл,состоит_в,Галактические рейнджеры
Вельт,состоит_в,Безымянные
Вельт,состоит_в,Звёздный экспресс
Воскресенье,состоит_в,Клан Дубов
Воскресенье,состоит_в,Семья
Галлахер,состоит_в,Фикциологи истории
Гепард,состоит_в,Архитекторы
Гепард,состоит_в,Среброгривые Стражи
Гуйнайфэнь,состоит_в,Альянс Сяньчжоу
Дань Хэн,состоит_в,Безымянные
Дань Хэн,состоит_в,Звёздный экспресс
Доктор Рацио,состоит_в,Гильдия эрудитов
Зарянка,состоит_в,Клан Ирисов
Зарянка,состоит_в,Семья
Зеле,состоит_в,Архитекторы
Искорка,состоит_в,Недотёпы в масках
Кафка,состоит_в,Охотники за Стелларонами
Клара,состоит_в,Архитекторы
Линша,состоит_в,Альянс Сяньчжоу
Лука,состоит_в,Архитекторы
Март 7,состоит_в,Безымянные
Март 7,состоит_в,Звёздный экспресс
Миша,состоит_в,Безымянные
Моцзэ,состоит_в,Альянс Сяньчжоу
Наташа,состоит_в,Архитекторы
Пела,состоит_в,Архитекторы
Пела,состоит_в,Среброгривые Стражи
Раппа,состоит_в,Галактические рейнджеры
Сампо,состоит_в,Недотёпы в масках
Светлячок,состоит_в,Охотники за Стелларонами
Сервал,состоит_в,Архитекторы
Сервал,состоит_в,Среброгривые Стражи
Серебряный Волк,состоит_в,Охотники за Стелларонами
Сушан,состоит_в,Альянс Сяньчжоу
Сушан,состоит_в,Облачные рыцари
Сюэи,состоит_в,Альянс Сяньчжоу
Сюэи,состоит_в,Комиссия десяти владык
Тинъюнь,состоит_в,Альянс Сяньчжоу
Тинъюнь,состоит_в,Комиссия по полётам
Топаз,состоит_в,Десять каменных сердец
Топаз,состоит_в,Корпорация межзвёздного мира
Топаз,состоит_в,Отдел стратегических инвестиций
Фу Сюань,состоит_в,Альянс Сяньчжоу
Фэйсяо,состоит_в,Альянс Сяньчжоу
Ханья,состоит_в,Альянс Сяньчжоу
Ханья,состоит_в,Комиссия десяти владык
Химеко,состоит_в,Безымянные
Хохо,состоит_в,Альянс Сяньчжоу
Хохо,состоит_в,Комиссия десяти владык
Хук,состоит_в,Архитекторы
Цзин Юань,состоит_в,Альянс Сяньчжоу
Цзяоцю,состоит_в,Альянс Сяньчжоу
Цзяоцю,состоит_в,Комиссия по алхимии
Цинцюэ,состоит_в,Альянс Сяньчжоу
Цинцюэ,состоит_в,Комиссия по предсказаниям
Чёрный Лебедь,состоит_в,Сад воспоминаний
Юйкун,состоит_в,Альянс Сяньчжоу
Юньли,состоит_в,Альянс Сяньчжоу
Яньцин,состоит_в,Альянс Сяньчжоу
Яньцин,состоит_в,Облачные рыцари
Яшма,состоит_в,Десять каменных сердец
Яшма,состоит_в,Корпорация межзвёздного мира
Яшма,состоит_в,Отдел стратегических инвестиций
Первопроходец,состоит_в,Безымянные
Первопроходец,состоит_в,Звёздный экспресс
Герта,состоит_в,Общество гениев
Жуань Мэй,состоит_в,Общество гениев
Воскресенье,является_братом_сестрой,Зарянка
Гепард,является_братом_сестрой,Рысь
Гепард,является_братом_сестрой,Сервал
Зарянка,является_братом_сестрой,Воскресенье
Рысь,является_братом_сестрой,Гепард
Рысь,является_братом_сестрой,Сервал
Сервал,является_братом_сестрой,Гепард
Сервал,является_братом_сестрой,Рысь
Сюэи,является_братом_сестрой,Ханья
Ханья,является_братом_сестрой,Сюэи
Воскресенье,является_братом_сестрой,Зарянка
Гепард,является_братом_сестрой,Рысь
Гепард,является_братом_сестрой,Сервал
Зарянка,является_братом_сестрой,Воскресенье
Рысь,является_братом_сестрой,Гепард
Рысь,является_братом_сестрой,Сервал
Сервал,является_братом_сестрой,Гепард
Сервал,является_братом_сестрой,Рысь
Сюэи,является_братом_сестрой,Ханья
Ханья,является_братом_сестрой,Сюэи
Воскресенье,является_братом_сестрой,Зарянка
Гепард,является_братом_сестрой,Рысь
Гепард,является_братом_сестрой,Сервал
Зарянка,является_братом_сестрой,Воскресенье
Рысь,является_братом_сестрой,Гепард
Рысь,является_братом_сестрой,Сервал
Сервал,является_братом_сестрой,Гепард
Сервал,является_братом_сестрой,Рысь
Сюэи,является_братом_сестрой,Ханья
Ханья,является_братом_сестрой,Сюэи
Блэйд,является_учеником,Цзинлю
Март 7,является_учеником,Юньли
Март 7,является_учеником,Яньцин
Тинъюнь,является_учеником,Юйкун
Цзин Юань,является_учеником,Цзинлю
Блэйд,является_учеником,Цзинлю
Март 7,является_учеником,Юньли
Март 7,является_учеником,Яньцин
Тинъюнь,является_учеником,Юйкун
Цзин Юань,является_учеником,Цзинлю
Блэйд,является_учеником,Цзинлю
Март 7,является_учеником,Юньли
Март 7,является_учеником,Яньцин
Тинъюнь,является_учеником,Юйкун
Цзин Юань,является_учеником,Цзинлю
Цзинлю,является_учителем,Блэйд
Цзинлю,является_учителем,Цзин Юань
Юйкун,является_учителем,Тинъюнь
Юньли,является_учителем,Март 7
Яньцин,является_учителем,Март 7
Цзинлю,является_учителем,Блэйд
Цзинлю,является_учителем,Цзин Юань
Юйкун,является_учителем,Тинъюнь
Юньли,является_учителем,Март 7
Яньцин,является_учителем,Март 7
Цзинлю,является_учителем,Блэйд
Цзинлю,является_учителем,Цзин Юань
Юйкун,является_учителем,Тинъюнь
Юньли,является_учителем,Март 7
Яньцин,является_учителем,Март 7
